track_id,launch_spin_rate,apex_t,apex_x,apex_y,apex_z,landing_t,landing_x,landing_y,landing_z
065c1384-11e8-44d2-bf1a-db288c0ed636,7784.64203185502,2.5760819707515386,47.381446774589165,91.38836028034508,19.183126816913504,4.909802976649487,85.43956994426956,131.22478776943404,0.8483898499496114
a97c3116-70e1-40b2-afd4-1a00b7147363,4720.3493178651,1.5746343696845648,17.87462385388019,70.94370923197043,9.816175230798455,3.060708092592518,46.59219293236374,113.53124300182544,1.3823515777098883
c2dd368c-3e5a-4ed9-8e6e-db8551dd47ac,6998.782915474564,2.685801409492184,55.7927142326459,78.37424317400205,19.002503607968123,5.0248896500067195,101.6475575827882,105.72001455013334,1.6086724214046255
dc80735e-d8e3-4716-a20b-73c189f9895d,8588.330376989374,2.6193677372501827,42.409651407790356,58.31459478307268,29.81406358800246,5.3873466260200225,82.14013200414067,73.43242994511576,1.7411150763405892
9552ec97-ca7d-447f-8d11-5b17bd3dd31d,8963.862544597134,2.482730796240826,31.94854516745436,65.45390085238654,24.172889520226867,5.139807169398177,70.7369238447667,84.58382488785881,0.6358791734343091
58f8ba48-c1f0-41d4-acf7-5f03009f021d,8778.975074709902,2.5093728120780696,35.65797381770686,65.99090807411564,25.74697180063995,5.203921856199172,74.74424796412583,85.42326638364729,0.0593646520218273
d6e63f52-a798-467b-a0f5-f99e65bb95f2,8802.117276998146,2.5193665031464443,34.095213425919596,61.66640189173778,25.089957439103483,5.179136418383417,72.15355428946889,80.08344337570011,0.6650379724012461
29a7d003-5dd8-4bf2-a5c3-b43a0e62f453,9467.163212363903,2.1006300867801984,23.23077903143873,58.30215139867387,16.170090590522843,4.376791545581481,55.15262377733356,72.17380532765938,0.5341095806495281
2557cc62-a469-4998-bd82-3ac4a05b6e1b,8529.013781600259,2.4881022950783125,36.204371746463856,75.98751030854805,23.22691382476136,5.0654819469682435,76.89370952958899,100.28338358427148,0.12334611623787207
acfa182f-177c-4d4d-996d-c573e242e566,7779.361471231073,1.8348391172709095,19.42085726429634,47.8905627589154,15.470186310606113,3.71722941290299,51.23229103593143,57.911144458853464,0.9970819223721848
0486ecf8-2e97-49b5-9e21-5da6b7780770,8873.569358651173,3.0815443395399336,60.64547704845001,81.94026687821305,28.515696013432297,6.055132722425516,109.70076062360303,107.2968383438171,0.2689483938201517
ed127a2a-c0aa-4757-8860-ce5f98df69c6,6232.917837433832,1.4774264708935507,19.397804038858386,45.83555967228982,8.19618755707918,2.947485825175451,54.11908293741114,55.18506586766038,1.7488115652978058
d2bcae15-56d7-4a9e-90e6-95799e3a2a35,7662.9810579913465,2.461679655027137,42.19346212101785,64.0528802415626,19.23452175220398,4.854353583658921,87.18835039495033,80.74445739023507,0.3772837506676439
72c0ba08-8f1e-4565-8717-2324993544a9,5829.585520152632,2.2672508034089596,35.51669385773559,66.31207023083019,17.04258366210038,4.573692032933097,81.0772375289036,88.26976161024633,1.23580488515948
de5c76ee-26b0-4d84-ac1b-c4ab47500671,4782.539314137421,2.0188690092074157,36.630566373236114,67.06430174773573,14.837706738482302,4.177980958533417,78.69767286573413,94.08802931597091,0.705314320568317
f129a513-86f6-4729-b8b1-18d1e4e43a56,5621.726046811851,2.2786853248408616,36.13810560006764,60.47536635044384,18.05919898465701,4.4998546139427305,78.88339568723069,76.49200770407639,1.4865556986104624
73067808-1bfc-4cc6-b493-4c447f40270d,6310.077727379884,1.4655676181314756,20.29475508262693,45.83555967228982,8.323570852122993,2.8881408829363036,54.535210082991576,55.162058804289614,2.3054882761460602
285280f1-1f6b-44bc-a2ef-476010e16d49,6485.501095633466,1.8647418726822964,26.164840853427098,49.13371334975352,14.239679948947067,3.7138284508467163,61.99148251095699,59.25225210257976,2.5406784754164073
be4dd272-b23c-4e97-9d12-f5ccb63cbd29,4853.6106560246335,1.4591322649052676,18.58925275833564,61.861119866735,7.141462864316982,2.8587503226898456,48.022419507754165,96.52980050064221,1.4787069850512369
019eccd6-c8ec-4628-bbea-64799279497e,4976.130675934795,1.4758758320707566,18.571246958935884,67.73608821546112,7.245493851282591,2.8587503226898456,48.33189188667964,100.53826899554886,2.1002935255623565
76f72813-9fef-47a9-9dbf-e4b5d89c9186,9666.513164789667,2.0482115465550477,18.916710495133692,58.99053913721387,15.141407321231338,3.999575278675944,48.70218550606932,75.29848602122883,0.7793250999152704
b23e2488-da48-4a9a-ad0d-d4a4cc9471c5,9300.521444986302,1.866505070030949,16.833075336627562,58.31824710137612,15.332777510279168,3.806896403133978,46.13581702412527,73.61115521082186,1.6497794714236436
a3a794ff-3a50-46fd-8b17-56a2068e39fd,9904.391884575136,2.0424437650013294,18.302816034157107,58.55394176044376,15.166677642895674,3.9451234125709393,48.31052071791871,72.83787452219082,1.0889859968870994
f2165cd4-8627-4dcd-b620-b54cfad875fa,9814.59512234098,2.0012869476257715,16.854431631795148,56.54982027265519,14.939864618695797,3.786050880035211,46.22777312820136,71.53024554486949,2.042281509246137
804862ed-3f03-4534-9db7-dda652f24387,9774.788147916435,1.6070415153239106,14.397830584800946,45.891879914476156,10.790083183589699,3.2310543884913017,45.93313352159465,55.822863616882664,1.2758254140211818
fbb23eb1-79e5-4f5c-8fd2-07d12590f9ab,8438.956259833722,2.4206515785688554,44.95911676138592,68.56954568787751,17.316756179849357,4.798092571238453,86.82256760995519,92.5797765662987,0.02638674254301507
a29cbdd8-393e-4c90-97e3-00d9624e625e,8635.392921268098,2.617847304247771,46.46102365009092,72.2428126080326,23.334721295643323,5.254948846990803,88.72410301260346,98.48736271117775,0.6640757175679337
0ddb7709-d9f7-456a-a227-71c9aa57b9a1,8964.27270224337,2.497068273130041,45.2727782500807,71.55622118842017,18.57755980283581,4.855197873163237,87.98740152280503,98.68916977265383,-0.06457336572888885
9a4ce044-d674-4cb0-a8cf-e330fa857125,8222.746482530536,2.4944803124828305,46.594801930800756,70.42515489318511,17.99082622333362,4.905017313449211,90.4553829747779,98.03547686598715,-0.10612091168758345
d854cda9-05b5-403c-864c-f6b21d9655ec,8572.562973283362,2.579188989894189,46.73751538057223,72.01009493574449,18.35251620412982,5.083159921383955,88.46941887997362,98.57639610609142,-0.10027829806726192
bd004b3a-5a67-49ee-b5a5-afdfe08e5aa7,6187.122431564701,2.4841667232208535,57.77979694126184,78.03129741451792,16.601462647330425,4.763171652183401,104.40904664459865,102.61644621280196,1.0621720777710835
bd39aa44-4555-4e73-aa42-1757251a92b1,4768.466333003659,2.9719267102750364,77.44984753694614,82.65121560183411,22.99183246103465,5.608153692951826,132.89499118700135,108.32068478962687,1.282403856428318
9d5b81cf-3435-49b4-a8d4-7f2ce906312d,5702.426963495727,2.6816424464567046,69.91228804841927,74.19945737609662,16.24676750084512,5.012896873770726,119.48136347823917,91.52519801827522,0.935288866469234
9fbfdeab-f375-49a0-b030-27aefcf4ebe2,4840.93847724706,2.323006481517206,56.260806247667944,69.82689028709635,14.232769875656427,4.379844744831176,104.19192798325132,89.10573362357547,1.3385236228683428
f9636e73-ecd9-4959-91b9-20e36e651231,5807.769042325481,2.9116361719367987,73.82981211173235,83.50392518553217,22.174306627159527,5.431402252744894,124.48363735728897,106.93563975152891,0.20270538694385082
54c5a503-27ec-451c-81e6-d610eef73666,5945.503662182158,2.810175560838573,65.0045424078375,83.20564304727675,16.710061518746468,5.006232119902634,109.85448310780541,111.57508883655025,1.0696434319122783
87679773-3eec-42fc-892b-b143d4bd5d6f,5310.2502106955835,2.6151317750926713,72.74277781603627,63.585639003913165,15.78712891525713,4.979190711197019,127.58407845691919,77.56789638156407,0.1612828000297574
cfe21f1b-2c25-49b3-8b18-447161bf8e12,4605.418807103411,2.359139060292999,64.1416777632362,62.44277712419086,14.187349908349194,4.3848657488904506,113.70411133240525,76.34097224411093,0.9964751356148333
5edf441b-901c-42b3-8436-39c6fab563bd,5247.858778535615,2.331787315920403,62.70065448245338,56.31909435115566,13.189042868260298,4.439646194648585,113.40470950203755,69.16039481499145,1.453438812250706
71979658-b314-4131-92ec-87529509adb8,4889.574682278507,2.630808538902958,76.24316065294549,62.022598177235665,17.259227161349937,4.992256195440437,134.06131155234067,73.4172563264195,0.690104065733133
271b6452-9b23-4e6c-be3d-8e30b0dc4910,2580.7503819229346,2.9801534321554586,86.78835705007408,93.0170169121048,23.212924057622654,5.655025133450683,152.11875052482677,122.33708061022776,0.3487673361956819
67f65d63-9f7a-48a0-b120-910512f23427,3225.863053531626,2.7071078756819613,93.54496315314506,101.53643506967225,14.559263573991643,5.247746684887273,156.23096834200962,143.95375501464036,0.20856966694214926
95b1bfbd-c166-4b6c-a980-193fd0dc2ab0,3751.277878577935,3.136440547450124,96.61653565732911,98.66484203216943,16.046860032614518,5.51180259321363,160.99552653368525,134.98530283157623,0.18158176600000422
e50f7ff5-2575-4026-b5b9-6cab680afe19,2685.1858220741897,2.613606345724993,68.92250432040358,65.44671444243554,18.729444634124434,5.098702724237009,128.71940462924897,83.87445017099418,0.7704906924824684
5d2114db-21d1-4805-becf-69734cf00391,2785.765447968157,2.5413246471178645,80.77582505670583,81.38963926354475,17.33699758759165,4.929595205614622,142.68180947683314,114.52096084267859,0.4198977906761192
042454b1-8bef-4869-8efa-95e7031f02e8,3167.8128185752653,2.820841167000866,85.02498185084782,93.30267807584136,14.491089018735812,5.310227766906642,138.40719895918028,120.75631014510593,0.11884081656435268
a2cf6bc9-2baf-4ff7-bc0c-267104b6d179,2399.825747004752,3.104035239878988,107.8051947220772,98.35973691537448,26.088039050625852,5.9181492715581685,191.65739692824351,134.29509559446458,0.5126366804056842
5ead2d3c-28cf-45b4-80bb-517f787c323f,2475.1144888777712,3.1048744462630427,108.80515884542358,91.00199756275619,27.953494235182262,6.133447816874675,193.05671423793154,117.0716379974898,0.25696571123192297
205cadeb-9451-42c6-8aa0-70e053b96fc6,5057.164957564777,2.059756788734304,48.34170299224784,65.03964228849657,11.191617891496376,3.943968976518177,89.8082448749985,85.00573959093325,1.4622674854033837
94c42ee3-5858-4f12-8bf3-4a6c1ddabbb4,10678.348242363776,2.7741456306223995,47.20205371556244,70.45476457011573,28.112099681885585,5.580067240397851,92.61385711890152,94.03497510583732,1.3126783520823764
aa1d0fd6-5e2e-4832-9565-3f6b32769e92,10636.186711443866,2.82529288261358,47.67824461349171,68.80272579156498,27.905665405096233,5.595693060912217,91.8142942975514,94.23477005021782,1.1999202806592475
667ccd2c-9b5b-4a22-8411-90cbff82d9e2,9612.787926245755,3.011061278437853,48.22076208286634,69.30159742090405,33.77655076377848,6.041952787140327,93.1291100088665,94.36468816233241,1.3121383709663479
18cbdb71-2f67-4e74-8702-b88b142b1a49,9657.141257480433,3.0010167942951695,49.7156525926405,72.03106790181933,32.92329856898353,5.923353677738436,94.85947933829256,94.6023609957633,1.1435536282799716
046ef719-e596-4bf3-a6d2-0efdc7461188,9614.26247205359,2.9967769690955226,49.7156525926405,72.12007112019596,32.89294780036482,5.877219165942819,94.70281023952049,96.66931376941311,1.046987297048108
f667e2cd-1546-4a41-b21a-ef797d0a4a57,10025.038245691447,2.8462668603239587,52.61193987220143,72.69867323218325,30.50571592295686,5.7083487227615075,95.56600145300015,99.13138070259333,0.9898477152827833
fbc599bf-8339-4657-a7ac-0e086d546b67,10185.612992659047,2.9547685403698396,49.97884965429408,74.81912810086087,29.196028593692972,5.69997360508943,90.72269503053323,100.64968600764686,0.9977237581867755
8b516507-24cd-482b-8d16-8a57ab38fbb9,8476.416109010313,3.171364205018514,63.126448414190335,77.60816382335558,32.29013781835502,6.218500425396915,109.92733778232072,101.82703011309415,0.4117623452563806
5d5590a7-36d6-43ec-9055-94f1da1c36cf,8715.16409171868,3.174391132503722,65.27978245720082,81.67887171826143,34.728427369925456,6.383870692230958,118.77861579915371,108.2882669267153,0.40094922371877467
7f1e8c76-e15d-4af0-bf35-89ca627d3452,8826.024404634933,3.205198248085426,64.45300101498562,77.37730734213531,33.961291558261976,6.410153263349908,112.42966996902734,101.2561985748819,0.21767871115127563
26b6cff3-457d-4337-99cc-331955df85a0,5946.043996565448,3.3183996663404303,90.19441519915709,79.05424371763989,34.982278401335556,6.404522467578821,152.60724026822595,107.13109782130584,1.2527580478482
79e47389-8820-44d7-b7c0-6e950b4f2cb7,5805.637148929287,3.3047850490609605,92.51530665456976,79.27149824082407,32.2909814388796,6.385236381461857,157.83421659469462,107.23685342340931,0.6191195372522589
d74de485-c6ab-45c5-96e9-f83f4196b7fb,5237.16090390176,3.331165305430566,89.34233885981665,89.6645338378535,33.23058636049103,6.478058846323963,148.44730934144255,118.1828332523171,1.3022177466624871
a8f7f150-6b4a-4d84-81d8-6a09a2ae8f69,5638.392124846218,3.2601259625667622,90.01592334685793,89.50913501401513,29.58689908878615,6.314512782443616,148.99776598578225,115.64306690882367,0.7037883664504073
3aaa3f0d-ec85-4e13-9f07-68441460bc50,9285.458450199007,1.6748993857739911,14.42732374030174,49.466596159852294,11.155046735487353,3.528400997181298,44.44300863759268,62.68773392144426,0.7276059963483417
bbb67396-abc1-42ac-85d2-30ad28fd17ea,9216.397341898573,1.762685212010333,14.340841889145825,49.105245507864396,14.016337516461256,3.571409950056445,45.13082518504691,64.15743448084162,0.8087533974467485
78560113-cf97-41ac-b047-8f39b6ae460c,9506.588800924324,1.8596642574176487,21.621387563655965,51.961229981074126,15.01759955641497,3.943858330503098,45.24543232094442,62.02861918857232,0.6896021369571764
5ea7a8c1-23bf-49ec-94fc-da69d28234f4,9637.201542906592,1.762685212010333,14.348668421654525,49.15592855922717,14.13014799634623,3.6007709544928934,44.97091996574829,61.540958647070035,0.23311832033161156
6cc72a91-913e-4736-bd40-ca013a3e8295,9770.258857520654,1.896859932984515,16.68480832892858,50.31854582488466,14.996683122412199,3.941490434278787,46.917611574888,61.760976892017304,0.37101465017073465
2f1acd30-2a59-4ecf-83d6-e89931ac79b9,8525.070660809482,2.2882599873246514,33.73935475990425,52.59669628215968,17.962878618381268,4.595292474642279,72.50836819760939,63.918881994792336,0.4424808218554468
ba506784-037d-46fb-84fd-bd7c55df4847,7313.639063084137,2.336550684652386,36.78109296689075,63.61038982218761,18.22326035629166,4.595428369927411,75.17052116785875,83.82755633931122,0.6264434016768166
170c3371-8968-4128-962f-7d9b5ac27875,7230.6912924820535,2.338602756774828,33.965493292850404,60.978190448247204,17.344776782448093,4.622535225550717,69.94065838700975,81.62756749158567,0.7644065631738973
7a4eeb50-e853-429b-87b8-c58c1da17c67,8591.766284681837,2.3944046415810263,32.882538897437854,64.70521622761886,19.121089725533217,4.799253754662267,70.33800801780808,82.79112264639956,-0.035350227913897345
b6887672-1f22-436f-83f5-6e7b747d4e1c,8766.887537961104,2.5461734495098898,38.0681599203238,61.962212749160095,22.03455850274005,5.042224211099918,74.46778728080521,80.24080988032593,0.8309368118210155
2b2a55db-60ec-49cd-93ca-27fa33037678,7567.8785892619,2.4608948539391835,34.54034325915268,61.42928671206199,21.097219343734178,4.804415526517633,72.27009380390854,82.38865027019126,0.5060486190246182
ea1553c2-5c39-40ed-a770-03abe6f267ce,6268.985434400679,2.446724494424942,44.690699280223384,61.29958073289075,20.294679776169627,4.873695613314546,84.93980950220782,81.80990479543352,1.4566593352514345
559f9387-ec7e-4f4c-a9d9-d7fa83de59ca,8554.826790990253,2.53807789364129,47.44461296594652,56.84274198930806,21.16255165475231,5.082440834429385,90.51331588378098,70.52045666321376,0.7057089921829465
491227e2-47ad-445d-91d0-74c64324e7d7,7772.675780629869,2.4558459384470552,42.781751086937945,67.0090151067101,17.730567628565183,4.801629544413763,83.72162592610754,90.80328919486935,-0.047432025660832086
89cafbe6-859b-4c09-8326-7f78a2a35b40,5301.37830291691,2.436231004190486,44.23554965902114,61.57206932459108,17.610102470299022,4.759550544147374,84.35230096868001,77.74494922016295,0.4430927344539653
77376e26-4b73-4547-bc89-7fc10dc9f8a1,7590.63071411121,2.549924821005255,50.68109673940045,67.8724963109858,18.707301478598367,4.9575021123877505,96.64109784556365,90.80908709709004,-0.11765991727458201
01436dbe-011a-4f2c-9c8c-ad0995d3deaa,6749.2485437823725,2.529322584876718,47.73787906488903,59.17380886318541,20.276879536834574,4.940780459704119,92.3766071435503,72.63453198229493,0.17339530656079058
b62b8713-0c07-435b-9587-bceb41783ca7,4667.874219645766,1.6231628529715176,26.380159817726238,62.209863345753284,9.510990863033955,3.1197288562076184,58.86767121389056,87.2644872206017,1.2679330658337027
3b572fc0-c712-45b6-a54b-a211f9a1e855,5955.028526337657,2.399180286600094,58.821503834282666,61.799961133400835,16.64132072177198,4.587299803951141,105.57655732446142,75.88609718270976,1.0795632617463298
a25aebd5-1d5e-4a2d-a6d6-bed151114428,5139.668078690781,2.339665666924473,58.30144207448116,76.47847097871173,15.141992328874819,4.425915946459693,105.61864550222994,102.77240712662002,0.6013465893604425
d7fdd9a8-1d80-4ab2-90c1-479a24ca098e,4860.212208742949,2.2759533148487123,55.405848304369464,65.37865959857774,14.495820480377763,4.31049958432232,104.26525510258641,85.86812264879919,1.0197396908636567
2fe63d5a-bf78-4bb2-a686-be1f39339798,4680.846908321237,1.8362566883526212,38.63512289350752,59.9871920595569,8.354620370461914,3.4275736704689335,79.34499982289373,82.17894992365039,2.686583206304032
d7f8522d-0158-4495-adb1-59ccdf051f06,3266.80066707316,2.498643349793127,52.3428022882138,66.93468627595064,18.12692425979563,4.722795502327205,109.35846536343743,90.54580199136605,1.7192004994207792
4149f908-5895-43d6-9d44-703a5079ba00,6906.949579585488,2.6293303516717335,56.36767171862947,60.30973860653588,21.844682367326115,5.184869571531747,105.35232179685977,73.92561194157228,0.3232058074236297
c452a8df-fb9d-4b2d-9bbf-7d9acfac3c64,5019.506839378017,2.7915660288242203,68.256530262437,79.93951846361676,22.240140888655674,5.4996294271572745,119.4618513932806,113.5594135315608,0.23240026215493817
460f06c0-b95e-4241-8a71-b501e838bc2b,5698.436536751367,2.6588562405765233,67.91310387829324,79.16700332211043,18.146640156784446,5.0575921186220905,112.22567521092643,109.32291093045588,0.49302220334526464
b39e34f9-1029-4c25-8cf1-6296b79fc83a,5025.423316958493,3.050758413855396,81.82417338908662,64.75436065671245,27.168421762093633,5.995474442748653,144.8252003585042,82.40255807385014,0.5423396440755884
bdbd98c2-58aa-4bb0-a104-e10b74b644d7,3186.143409990427,2.9778424022020356,78.28804936154755,78.08564228882406,26.136521627345296,5.922499773927385,141.6255468281884,101.36182722759422,1.0923334716787825
4d93adb7-e8af-4862-941b-ade9eea45e72,2178.78626913628,2.7495504042218153,81.58378655554498,77.19436654968301,21.927069380032634,5.451339032788904,145.79040696061423,108.48025742772327,0.7981193683031007
3879122c-24b4-4286-9e3d-8259524ed42a,4179.812428604974,2.9727570471958313,82.56112793846387,82.15760242739333,24.975551787466657,5.857385133796756,145.54631192034716,112.0243113175853,0.5067400912814367
6ec38a2b-eb4a-41ea-b66f-05fff95cdbd6,9620.343856632313,1.851083891503023,15.97709166717022,53.5969567609643,15.168262144546615,3.862489814443473,46.028745048388465,68.77546736668626,1.172437333240525
e91a8a1f-defb-46cf-99d5-5811bd73963f,10641.588756022564,2.1398464885089976,25.701976397696853,63.7377915844856,16.44558275056448,4.38512461364819,59.971672400592,79.30525065103234,0.5972338054786935
3eb9384b-5a9d-4ade-ae62-a7c1be2558ba,10236.701556521817,2.119360235160916,22.510942377002753,58.38354019074778,15.381484646798912,4.318855204335614,54.11067841838714,73.09824674025649,0.7175499778029063
ff3b20c6-b531-40e3-ad06-01a9839661b7,9590.275682415559,2.0169224430264494,21.65603060261968,63.57826576956506,15.784545059439441,4.13915599531876,54.20946342770046,85.31703982151622,0.528133678451034
f9a8bdb0-87ad-44a1-8750-8afb20b99747,6337.182858633757,3.033759631148343,68.31100367779803,82.27018154732795,26.74826553090158,5.866173516303088,115.75790395432378,108.91903574954085,0.2354635692595825
4eb60dfb-095b-4be3-8253-45b92fc87274,5882.267687530551,2.981267266944336,74.1211526546914,82.45539991158881,23.861416179450206,5.5840984527389255,126.11155110409415,107.67089695590492,1.0510254909293864
4bc6499a-d45a-4100-9e40-08df54b338bc,6397.641513317784,2.9893735370033174,66.76394490205462,87.39335627330686,26.33459975336115,5.860506111473434,116.51289196797856,121.38265529032094,0.3782634593160551
a7665d5b-a238-46ad-a349-e269d1e8c226,6402.963955781842,2.6457497212163057,63.53559176524606,81.38606859976875,16.530425215049718,4.880616344591839,108.84639775145398,105.41260043038012,1.1922755801666347
7acab961-836c-4b84-99d7-d58b988ad51c,6122.707039398575,2.7142372520448146,64.32182865546004,82.48428416307912,17.230180706099762,4.963722731551173,110.06170179617509,113.52360993624762,1.0105759394771956
ed976902-152f-416b-adea-46b5302bac36,5236.8104749768545,2.8712129309047256,70.47264031151718,84.57813846160172,23.49153635519956,5.485218882304468,117.21703987872704,117.70053702267758,0.8577647430865428
c704d1f4-814d-45dc-9d8c-735336b227a3,4649.140077850946,3.0191813262137757,81.97622261023425,91.7371668066094,21.679429753452734,5.703310113551683,132.6580575573921,120.67649362677082,0.44402278480906865
fc739e37-5ca9-4c36-8da6-e50bef08d2a9,4837.7797239025485,3.14192645131774,84.67694584941842,88.463111464332,20.884856042876834,5.803472985115928,136.85755409323767,115.86618950636448,0.4357699349476565
89c23458-250b-4b10-8e94-8d499bdd5498,5433.320717998764,2.923577698722668,76.59471378420865,87.46507531347989,22.177308508025693,5.593485309257132,129.57907293341376,120.52558371820048,0.4789496396929056
6c86624c-abec-490e-be37-360da0dcd20f,5360.798693649473,2.550828530346884,64.81901070391537,83.87061778800445,14.225836309102306,4.5633074353034155,110.56773564970976,111.38239916290327,1.1881986916663954
44e63caa-fb51-44a2-b544-aef1dd698946,5225.335548837399,2.481361951900094,66.50349535511877,77.64146047041899,12.789237118999617,4.645485826122426,113.13367480255619,99.79038025446496,0.8896920623494804
864c741c-d150-4079-b123-52069dbeeb30,5174.208153346135,2.7915843102833615,70.98618621622032,79.76119164143084,20.0010090471417,5.220458099517132,123.29880043856518,103.84384538998462,0.6873724175229469
db7c1bcb-9538-4ef6-af7f-fd9eba7f0139,4766.575544296593,2.892912191975065,77.92093069994259,83.49214297170356,21.718900685256862,5.602366171681547,134.16964137704164,105.8523753976372,0.40870374857601205
2b7f70bc-cf60-4da4-9c52-4ed5b08cb0af,3142.26721568781,3.243411763079421,103.31651757539495,104.23024725800138,23.761819819620268,6.090328777311568,173.01176467844132,146.59276939258982,0.4667412704086279
10f71e6e-98d1-4f04-8381-4e7f9a582ee6,2764.433293025533,3.1269245145907734,97.0579549377187,105.85320420548078,26.334649224063906,5.8953682336079485,156.45401970025853,149.1450259140853,0.6047212694069993
2a249c7e-6731-49f7-8ae3-67a6bb53fb71,3904.0917130279618,3.3935511991771046,109.69072212561333,96.11465312904757,24.337291861066547,6.272718438439249,176.42933758362685,121.61465892018434,0.3305478629425315
bf6a13d1-20ae-41cd-acfc-3fd6ad892592,3338.467704147818,2.3330910516450287,83.60926321359247,109.9471284378333,9.569767700978213,3.942035657500155,134.93167950305104,151.61917312105282,0.3270462215175651
2b8d7290-83a4-49dd-bda8-8eb6f71410eb,3499.7320142437793,3.4516835635615712,116.32949741802481,115.00431841972582,27.5846113451609,6.3572995673818955,186.20698548053613,152.56302334606661,0.36829830727473556
6d33bb9e-d366-402f-a5a8-5b9c19aeda14,3009.4019527317814,3.250928403736699,115.32825118262222,105.70024221367338,26.07710920378569,6.112284327362827,191.16574122318173,141.71765235675485,0.2340018836573465
a1bb2370-76c6-48db-a018-98e3bb26cc6c,9498.400894872833,2.6171509416418934,31.87493249382295,62.832517635600155,29.301079981051632,5.384542350817454,71.46543287625741,82.10444085035317,0.4986273004202652
06f8054d-e9d1-4c6a-a16b-6200fd544c10,9515.058493743769,2.6072581881519348,36.81963005978985,62.92887900337951,30.087570960375135,5.376862365133138,76.55178066343649,81.81375326476983,0.5882701568783377
dceb788e-62e3-4b24-bddb-e1e3efcc7010,9619.483703031596,2.6110919310878877,32.9180707751673,60.360560668848585,30.115725498008548,5.400123122763226,72.342593897932,80.33287182086522,0.6118108773299612
dcd41b17-b669-4514-8e82-93305548c3a0,9492.421195359368,2.6100415308387808,32.66838171894502,62.920856506108464,28.812146443986734,5.373888787645078,71.19653375134848,85.35273266727931,0.6872671849477646
dfd6cc53-b67f-44c3-8a77-97ba2d3f1bce,6056.211924241126,2.3594042896777907,55.419006670503535,68.74557422129192,15.149544608847487,4.5203681303676815,100.28161730479512,88.83906165347577,0.9210870801481227
762a040d-a259-4d69-9844-94150ab0e1ed,7646.06268430307,2.9371133020492852,58.25483395944764,68.4846956210906,31.82248163837001,5.921011332427278,108.39793399841682,92.6156422155536,1.2205334969867478
db76eae8-da8d-4001-8d67-9d50c99819a6,9873.942440075887,2.831879484381573,49.55023067860274,58.428234608113115,31.972724115213474,5.868678349387683,96.98708430541119,79.07365306408214,1.1327623398121107
23b9b837-159f-45de-b5bc-748959019e89,7504.453487731868,2.9347008854426093,58.4279946061046,69.61412537779728,32.01301339663963,5.9549553571576315,109.67576696078571,100.29796591180343,1.2788991244491137
0db70d1e-5497-4cea-b8c4-e1b100526016,5487.653037881756,2.9155374818482276,68.13487644069235,75.40304074778861,22.84863787338551,5.620522526024766,120.14060017499038,97.43931510981639,-0.019985947144108084
4db51cbb-615e-463a-9850-9bccaa3325c7,5445.468093085121,3.097246066570574,73.44406984496199,76.5046628304123,27.57086243565501,6.119622901280411,128.3851005579495,104.3437202158513,0.27878260659263976
6ab3a8ff-956a-4a64-a439-6d2aa6461706,5910.604346767986,3.189693071005538,81.21559791249808,71.16059889440298,33.59175768240946,6.453728449066314,138.06835371858617,102.0664221131398,0.06184766819745681
f99fec61-1540-435d-abb0-ad2e9f347880,6277.676659427146,3.0567499651895123,69.97217871786007,69.99440924520322,27.56389734813478,6.101227411193795,124.24095295306698,91.00099828329066,0.23180779975140114
223def40-4905-4699-9354-7d96880c3974,4337.860342669385,2.775669324838942,86.92731589359248,67.52009907790237,15.609529717288309,5.192892868714015,145.6234345435484,85.88128385815503,-0.12767058674978266
80b8fec0-f656-419f-bccb-0998a044b4e1,6835.983337705772,3.3017750643082255,87.66463065680426,73.00238406878236,33.783280245654126,6.411307192214242,152.69666767756303,90.86780983736013,1.2849210373109705
ac6aad21-2318-48cf-a2d5-6ff48c1dc9af,6112.2400715503845,3.266538328364463,83.15187809343718,85.53105657356457,32.235259122290834,6.332779751996109,142.83705117685147,106.09413131500168,0.14006240933398517
877c21ea-833b-459d-b98c-beff651c2d12,5975.1571937392855,3.3103475227107406,84.90303835379073,79.26656314119236,33.80873823525934,6.402927861571642,143.6199533072358,102.57677712474687,1.331526438470128
f93fc728-de04-49cd-bb21-24b9ef3f4620,3786.9994864575438,2.5518466272441014,88.5571152582954,79.38780674711231,8.076670274372697,4.327005801902039,143.79987976400312,96.49999500011303,0.6734873838130002
37e236ae-9cd6-4e04-9f31-bb7c00142f2f,5118.754936220659,3.441570117329372,109.32842147488437,83.43816844561618,33.97818377528515,6.658957194603301,166.55008738951776,96.57473712588255,1.097240194192981
9fd0315d-0c9e-46ec-9548-c818337272d4,3287.5713264665687,3.2133379418855585,107.91814525440188,92.78079521784859,23.58482942302529,6.112815469017076,177.48922256680774,120.66793791627869,0.1992613959278948
55341300-11e8-4ef7-80b8-8cf8fbc54acd,4226.55692466648,3.452644718439917,110.64472295878346,84.6766623662818,34.268321569469,6.710364925246728,187.34189814869106,106.3116940641549,0.47646338502392277
71140f76-70ab-4870-b3c9-5f74b80272f6,10688.00762527387,2.4162304692789447,27.070586258059517,59.70707029017056,20.29532341289614,4.775224375204965,60.80330163750854,76.55327014647386,0.5443467202644829
ca069d1b-5211-4b9b-b2c8-8aab251ff0d3,8573.739347141453,3.0242280145483025,58.192073130936734,83.26138936783573,27.129963411140867,5.919793360205152,97.6165961691901,109.92197578581505,0.33812861028106883
eb8aec0b-d07d-4bf5-91e5-edfc4fff488b,8879.0773843161,3.1321732357177288,61.60634394563428,76.71273991027397,29.207037233926002,6.133571454884154,102.705511018677,97.84592238629878,0.3169895955275209
967fd4fd-083c-4b39-a0c7-9dd119995cdc,7478.941883393013,2.8813385230096604,55.69167354786961,76.17412009427203,25.593151844640264,5.63364836118143,95.45018779952031,97.8212454811682,0.997949203968324
495268ac-17e3-4fed-ac7b-5c3b7c8f5126,8446.417686195839,3.0231525433800153,60.863183878297825,72.96873532362608,29.778027087456614,5.9475148343716935,104.66072332501705,94.89759592336195,0.7422917589563246
e0c7ad92-dd11-4ada-a34c-bb3cf98d0f3a,8142.538367218361,2.984136377784245,59.875892859747395,82.76377595319741,26.982651585585025,5.92045124440587,104.6013334541018,108.76692287596961,0.6902219811050788
88ded410-842e-4fc0-94f1-499f68f62fb8,6865.141123424479,2.7899805059268425,56.07628123764275,74.80640896481513,21.921224413865392,5.332635126182933,98.76021997690555,96.03570059340758,0.14652499420964835
f4ae1e4e-8966-4931-b119-8e390bb55724,6132.715742599687,3.17428044758054,79.66676867317393,82.53419369447312,24.458262688401938,6.007040733048135,125.62760396994571,105.14831342117125,0.1274652914126256
86c4f33e-9fbf-41a5-a4d4-c7d8366b1fe3,6081.498509357562,3.0584678636147933,76.3731523758908,87.72501542553434,22.750353755414018,5.775917980635064,125.95153340913109,117.46768714804713,0.282614389175427
8e951d08-e6f0-43bf-a1dc-31eed5bea6c5,6021.299827513998,2.7362321359825215,63.850440008569045,83.64209579013614,18.65364374116639,5.1086806101503415,107.86325269678656,118.14520450614064,1.0339126767473095
91e95fbb-0a1b-49cb-aea9-812d8802b36f,6900.288667638139,2.9727491612605483,76.12376310255965,79.99175418087556,21.61275151262521,5.417304638208568,123.7937116007352,101.47969539478616,-0.10267109543869009
b6d48086-3fca-4523-a362-5fd2fafe9af5,7058.992588455091,3.215912386187048,79.07953965617602,83.35156239777771,26.232577881741516,6.24356970841327,124.16930896833901,105.2622600126639,0.15687559344650223
77e23cd0-364a-4071-8377-81ffebfbafe8,6194.888842955002,3.126410650063639,76.43635687407286,84.64742740333939,24.103732694989713,5.980833977331498,125.23138070643702,106.70476395437831,0.28316360990039097
e8688d9a-0af8-4481-af88-b67708bbf6b2,6298.138195682909,3.193427172293433,75.6439799385063,87.76662781459459,26.17435716576515,6.1812789329283415,124.73153148735098,117.93727968566942,0.28620852697949023
b8e8e782-a1da-466d-8457-27d261d7a919,5440.166373320855,3.3006691874688245,92.8242774572195,93.50917597064671,20.453731025092775,5.992170194485149,145.31862594607009,117.50990554924485,0.26191208445502495
d7080c73-1e15-45fb-9636-79ea9fc439f4,6057.269961463914,3.4072848878011404,89.55303017147816,88.66482897932308,30.73520070180406,6.515566497520379,146.6886815758169,108.26320659966416,1.2672606071747246
c30c3fe0-b9af-4a0c-a026-8ebec1481e32,5517.458398593114,3.3841022120744726,95.16619871225953,99.54200555928769,26.220241261263578,6.2329711784414465,149.98234616260712,122.35101893562957,0.2364778409707776
0cd3e601-f283-41f9-b53a-7836482e7aa1,4799.734907608305,3.3641625131511517,92.45714581084196,88.91658079893698,27.15648938115779,6.252346817812733,149.13586953369247,117.5716669098738,0.8508739363012515
f76cd753-02bf-4a46-81ff-8c71bb56a120,5005.32286164134,3.239280120240601,89.73002713808847,96.21592218334386,20.239602215588263,5.756411217949269,141.70310857009227,130.88972283567173,0.27866443780640776
f0dc4061-86b1-4433-be8e-59da36e77308,5450.910829418291,3.4108040984011927,96.30776075649375,94.96023847503027,26.54406297557127,6.317349007047853,151.77777547398185,116.62925900136653,0.28631332758741634
b3289e23-5efe-4fd5-9f2c-1231bf9de538,4242.155755278501,3.895433038139378,127.6463848878861,95.10041311562614,38.226212413385575,7.399231535849069,195.17942953903543,117.74373045984396,0.2246232234243304
fe3a1ae7-2ba3-4181-9476-8e1de59cd29e,4517.762679538567,3.8853737804684156,125.60328497438996,96.81932816144707,40.97739893344169,7.448167324295215,195.35590414327112,120.42125978512821,0.1940930946005533
54cc812c-71c9-4f0f-a031-a05b54407cf2,3075.352308075486,3.7519721473078183,127.31099240362724,104.3955930133697,36.067198040371196,7.373365002667391,202.0523182329529,136.1585705334062,-0.2167182690430162
e880378e-9e40-400e-850b-d9dec4b015b3,2775.2000104485305,3.3330055216682815,120.79517192527973,99.74558283358476,27.927812702064976,6.471409051668577,197.75173646774883,134.89515900560733,0.2361333899391088
20c008c3-2215-492b-a00c-1cdf2bba7032,4485.81880760044,3.896843362412131,126.82265528792607,101.96950276700746,40.94320369900527,7.487877138194549,201.6493065848051,128.47434377421274,0.1708918747887397
7f49a623-084e-4d6f-ba8d-066245df8cd2,10655.621882515734,2.1611051727956094,21.87879841017347,60.1641986201666,17.24308810129801,4.3376369440752764,55.36925994637862,75.99870039754568,1.0379895295178048
4aff5ba7-0ee4-4c57-84cb-16e5c9a2026b,7450.246318986291,3.0332876717475004,66.66214316728704,73.31982473399307,25.189471293490158,5.798432311052547,112.07245221057909,92.75957905739135,0.30809974445597604
95876682-d891-4f8c-b902-67b8682e96ca,7496.164256938685,2.88480001094407,64.14867909383858,77.61907078563205,22.482534981876043,5.33098104902684,107.16387004113413,95.81407702621952,0.4270858511586056
263279fd-49c2-48a4-9b11-daaac0ef68b1,7402.857185545413,2.8391498873893304,64.33990997032855,88.62154296447763,20.557888616171496,5.317401101415528,105.58942389335587,121.19764192107812,0.9306266316671296
23652c18-a3ce-4963-b1fa-562453bea92b,4518.7898939643965,1.5046939414726699,26.471640107261965,48.0648935151933,7.729346651913355,2.9777663428129553,60.27940353938353,54.66480077557615,1.7764782526408995
ba7decbb-a3e6-4f9a-85b0-8ed8c4caa501,6769.030019450892,1.5117475171576713,26.043173963398598,46.46157855322374,8.191955204212842,3.132051345041763,58.61755655818041,55.690864803828525,2.19917762665317
f48eea87-e3b6-4451-bf6f-14335b65061b,7323.4395076145165,2.972848415195231,58.960990616308564,83.09288002919274,24.176230324322766,5.699845510742524,102.33222058690562,108.43148472947016,0.3492197099057337
71ee2300-f1d0-44ce-8e56-c919d7b773ca,8993.715009126938,2.3716276682064406,46.94864503103944,68.78125021007766,16.38870095191775,4.607753566345757,87.29623271613988,86.36629305176842,0.5066637523657816
02fe4056-4d61-4f86-863d-0e4614466ba3,7521.19962978458,2.7311566454294085,54.00107198745565,76.98114747532861,18.830759233689715,5.157038576868678,95.68346352062692,100.63612942168245,0.8725154532185929
51df82b4-70b5-45b0-adb3-a073f2c3e7c7,6919.620422022233,2.994698388982578,68.36675471832483,93.23804072149706,18.62869041856764,5.313067113535979,108.52742976543702,126.94643676401253,0.21543033189465924
bcd96b77-ec44-4cdc-8054-26bb619c57e1,4963.07066772039,2.4230599490052165,55.16049393294826,84.6072009869024,10.722037788061659,4.208222984990125,95.8676868506729,106.12389599725444,1.014553247295162
ae0ba863-329e-47d1-a47a-972d535b7652,6086.109704121146,2.633344501382086,65.68959513521244,73.47686291850607,18.34398656084956,5.0607306553232885,113.96649240260835,96.50789846841639,0.8304972831059668
31106ff1-efa7-4bb5-8531-97d19f04de65,5728.990973793386,2.187502265180645,51.00281101017729,68.7915351295658,9.321604545764208,4.189608832518784,88.7456667247253,86.06541260973168,0.6737533728038206
81a5bc84-7c43-4d11-9614-aa8754ae85b1,7096.097568299662,2.9972111838969657,70.33007471479988,84.27145914968521,18.0496468836816,5.264265238713911,112.62813109557999,111.87422241298306,0.0841899850738475
ae807e2c-d76e-46b9-b941-d27d08544e62,6204.613615431045,3.0008243496496827,75.41201015288672,83.77020785382051,19.376762675022746,5.385218819502206,123.57465235923782,105.17644919067604,0.089191601411666
b90f5ff5-b2cb-4531-8f34-ac812e86d988,5139.047491080383,2.2415432407821094,56.33604521583159,79.0309512982924,9.268120432513228,4.211511490414356,91.34142781008926,99.01729519353465,0.9876252112030365
948db47a-3142-403b-ab41-1b1a02f773cf,6084.016024686135,3.0411018499931166,79.01993237852206,78.2481601120953,22.878137853544814,5.657370051525627,126.57156007396848,96.81454188833669,0.1591301832161654
9ccf9715-cc19-4cc6-aab8-ae69991d8edb,6305.58102254416,2.963661394698257,72.15346279970758,91.73897802367455,18.804386388861253,5.279296287576252,116.34195113441466,122.6572066291336,0.3015610123421724
aaf1a57b-9740-4f35-b205-02c9bd6bb69b,4511.276334912329,3.2526926700091563,94.26031413283133,106.78902596339638,20.74832906674298,5.680892066409107,149.7780451430706,142.73043692120268,0.06778777358320083
9f89738d-a8a0-4a0c-b7a0-ce30327fa0df,5211.004108903468,3.2116841383484527,81.88702032231559,92.83433089871892,18.230727226553736,5.72241394373573,134.22206598368845,112.09512639906698,0.2747737908524249
b2e7a90c-e309-4ae4-8118-997c66cb919e,4615.09832211871,3.2973911287668702,100.03960822032386,84.51092288350303,23.45821139427783,6.145660064876466,162.17266598062963,103.84527972480404,0.3898806219987112
bb96f6f8-498a-4994-9008-967db85e054f,4967.703358745358,2.4794287407796847,68.0230875515687,105.62531164745708,9.295892154167147,4.466609072961171,115.26673699057437,137.9297059547732,0.12108122853922296
93f4669a-8f1d-4a84-8e70-2c44bf565055,4473.8235450605525,3.552060516108238,111.57656796059702,93.91189233997412,33.0252909180956,6.676179219595841,184.52231543214688,112.13918239909684,0.26023950953445174
85965b86-1adb-42cb-8603-1dae57f5d73d,3223.722148696149,3.4090015671700415,107.89479205912166,102.10739472292175,26.573250794274273,6.408725042546782,178.2953591180317,141.8019668295478,0.19305835146287909
446c296c-d6bf-4073-8cf6-0f5087d16573,3723.495586423403,2.5258789199808054,85.3837636057146,108.64865366853739,8.2124305220168,4.389891734665588,136.24008117121465,146.5170154298089,0.5124438278482331
5404be9c-1027-4f30-8f83-47da33be7f08,3895.491171674988,2.985721211075799,92.41462210790955,115.62805461699311,19.495789550459882,5.376334191504854,147.39320026323588,159.65814522366497,0.34695016359820896
89947369-b354-4f95-8fe1-ad0ea17d5cf1,3736.876473876729,3.3268717326429837,108.281238325593,96.030488396665,23.293113478916876,5.816980835063246,180.7713807863697,122.49019365922844,0.31456049039701717
f5d26b66-e47b-4ad4-8f84-222bcc577f25,3669.1399512018397,3.4549733503367763,108.88867229107585,103.52940485023565,28.025254621881178,6.373688724667692,180.98659300664184,140.37224727352714,0.12132642675214682
3e8f81a6-724c-431a-a914-838436a976d3,2917.98294557031,2.1032411244212503,81.25455648705874,108.51069396525617,7.449503217673878,3.7015977362251307,134.86234714678258,144.06620907210274,0.4549961219368679
d30ea4d6-c47b-4538-8210-13fad38aa6ba,4496.221626153701,3.7645543433622186,118.01371166262571,97.93923430372375,41.32505081811102,7.373763281099436,188.55045757501216,123.44924319721031,0.7281003349559784
fe3b4167-144f-4bd2-ac65-fb6417e021be,9273.534054143418,2.3488739804717125,37.498946553790724,61.93091333728691,16.42420158163037,4.627921201549777,70.90447188849461,76.62440666546095,0.1341541589969607
ba16c40f-17de-4201-b87a-bf3b74ca72da,7564.786549774229,2.034054883569203,26.763296444230356,56.16165661632809,15.865200209886982,4.1605921786190985,60.07165551334044,72.6939015008986,1.2380701750411964
68823c62-5812-4de4-adc3-05ba88f5e476,8619.716380264868,2.4059861099247324,33.78546177529533,57.636038476830215,18.02334656961185,4.683802462799919,70.8714992592425,71.83399613246353,0.6639697843854033
4c6be0ce-9e5f-4158-8ca5-0b6728f630ea,7815.023000651463,2.3604921732595274,33.8354224975909,63.75778291088264,18.221824245674977,4.699162215989862,71.3842848196822,81.35265981834905,0.5456182740560966
0bb3dcff-256d-4050-a3b9-cf0288787932,7410.590847454853,2.4895565442924155,42.80105052965265,62.42476795436301,19.902025230459238,4.8841223830480125,82.28705480331242,78.79214588025653,1.1291678944318004
546120a1-df4d-4949-853d-683442460ab8,6673.183612771464,2.5991913974870546,49.85274627607614,60.835292256005815,21.96938558758531,5.103888813966593,96.57821073105113,76.76407740292085,0.40657167336395217
d92c5923-bed7-447b-9d5e-6d45400facfd,6883.467761834069,2.6249425669891315,55.04057573985402,61.092038336773996,21.398809124465377,5.176922978239254,102.34946973575742,76.78667847513778,1.0258665117438497
faa09ece-ac8d-4255-9d62-3d31ea13f800,8210.421930523207,2.4852018873186794,49.16673396493344,66.19483716938075,17.627209422439034,4.83610214761585,92.9362693501342,87.76863887695744,-0.34613584287370786
e0e52ef3-0e3f-4a9d-bf77-3f35e1b5826d,7457.211473064258,2.5250576172825108,52.58433423243058,78.25875188676876,16.16000852980993,4.729414399368618,92.90614978705719,103.37458494903008,0.881512909402872
ae374ba0-e9fd-43c1-9541-dffec0b9ee62,7251.552298226643,2.452599281142387,52.40135507993386,77.53747694748837,15.92963018586037,4.642541116882598,91.22195633961071,107.73643432240715,0.8397573036723701
74cd5d4f-3acb-45d3-83d3-4a3dc380d9e7,9122.472393576554,2.5100392054661684,46.551887160282334,68.12390344387563,17.99701401193968,4.86513514053731,92.0446298027851,90.59146969997313,-0.1596782930143865
4afbf286-23c3-4a87-97f2-a438df4da97e,7753.417286434831,2.5267354422849384,49.1396848506801,61.484118652199,18.16304603398262,4.8755684791740945,97.1353085999401,76.83361244620554,0.1885764805074778
c756192d-6b04-4073-8ab8-fa1ed21f360e,7817.497626455512,2.068127108080031,40.558086222422546,66.99238194177074,10.456251767051468,4.114438407935081,77.8291723164271,88.30349957903478,0.7608711560517772
9a5dc9f1-2283-485f-8021-ab5061bafff4,5898.323903744506,2.9613372811801515,69.18540610466457,72.36523147736858,26.273602256367518,5.9513369265026625,123.70836708903649,92.92297740243824,0.3266819956236829
059ed639-f505-41a4-a4e6-343ddeea48cc,5782.561930280475,2.957684829283137,68.48435131951678,70.32985715027375,23.353587094680087,5.73495253652312,121.43840550279798,91.76753537661668,-0.20788580004671484
e5241eea-cd1f-46da-ba58-a08498f9f286,7505.152874129891,2.9697322455029624,67.71777229830042,69.10888757253126,25.806278696309402,5.938622003857151,120.74642353794228,88.37423982603781,0.24240905224053638
2bea16cb-c390-4a93-b213-b1e32078f09c,5748.846540220448,2.8950973518188463,69.44193340154669,64.15610009619998,22.545290119935096,5.590282500385334,121.64407322362165,81.80825501595842,0.18168971210220505
7ab9617c-aa84-466e-b4d8-b1b821e38cb2,5918.507564114552,2.6520669253897813,66.19801985152218,74.22830126533216,18.204015642509688,5.069533470004688,113.61311302769178,95.13684424976887,0.8537360813287836
0be6b701-ada4-4095-a7ef-251984472e23,5768.644150590845,2.913630293524465,69.10012608955532,77.08690637065754,22.4419578654591,5.590414718129804,119.37747246496096,102.90298791681587,0.1773527549585243
77445e2b-f87e-41cc-9635-df71d2969c7b,5885.898323949951,2.7992575971137144,68.49148054343306,64.79046405945772,21.419437873756575,5.318423917590476,120.36897631681096,82.28250837139778,0.16065558646384817
43918ed1-c374-4385-9764-101322c6d741,3677.502643279315,2.874380295465088,74.02869432619667,85.82213587705499,23.354317771708036,5.4783722236132,127.43928032782091,117.014836797896,1.535640490543462
8c6f7351-f8d0-4d1a-9bcd-24989f90a0f4,4847.97403340399,2.988951767970175,78.27120816945877,75.69191377709136,23.32887704925752,5.751453707449005,140.79661180025522,98.42481209515965,0.9121090748661548
d63490ea-61c4-43a8-abfd-0cfcd2f61e6e,6235.906088095166,3.037557017426078,71.21214410876279,63.81998702393448,28.049806557822016,6.119112450747481,125.60718349933143,80.33982970653001,0.34153596471824443
642530c2-c67d-48e8-8f90-fe3f26542571,6833.6292882202215,2.9829981571525424,67.5858261492323,70.0490932352981,27.37506610244132,5.943478228717386,122.41352339615808,90.85374985817789,0.4628560545044429
c2d0f34b-570f-433d-a098-eca71fb963a4,4633.441750712617,3.0299328282562503,76.90842213348861,87.92252309024008,24.33622537205043,5.736763273879207,134.09244656319294,119.8321658595387,1.4582302342628362
17d4f07a-bcdb-421e-acaf-fb9106737094,5143.089714327422,2.84680342152495,72.89760592157874,82.54189594275162,21.68738978041943,5.292712467827931,126.48683624910421,107.89908770090662,1.0271378380929388
f24f9ed1-0863-405c-a7e6-92af07d14c69,4422.118568600786,2.894093935715682,72.57456230343575,77.86264754534018,22.390126159842545,5.531107129114353,131.54109197977328,104.48877749318656,0.975041437722838
2d6d8104-a1de-498f-86ad-1818aa3d33eb,5016.449953896794,2.9772658836407375,68.61597221401033,82.98555384167096,26.311722802590555,5.798254063758279,121.48103914333159,112.14502629165871,0.15075349075181255
2c88307d-6ee9-44b0-99ce-4b4508e77056,4295.896897207138,2.7826469745516147,75.25588022637804,74.91709767091824,20.7318311950449,5.25248284147069,135.89601166601523,96.79298662854175,0.9294728933966803
ea3f0104-df52-4ba6-b299-a4633652a79a,3789.97015170098,2.7674322772043336,73.87509831942803,84.48955621642853,18.015748953103,5.194448741409901,131.61047232430317,115.8221215639071,0.41975106819124886
36d82e03-0870-4386-ae32-0b8a1eb736c3,2183.306998776602,2.6549365804467375,76.64094882915506,82.65073424121546,21.239173545309153,5.411664996619812,138.66679130910063,119.17730726183578,0.39382370831138
b11855c6-1ec9-46e0-8487-68fb8afad480,2942.603750646991,2.8836652531342373,78.36056275530774,85.7446794367435,22.860057455153697,5.589171748267318,135.99529473320604,117.8943675153868,1.083364335871438
5f2b6aae-b3ed-46c1-af09-58c3865750b0,9278.773485414169,2.5296769897616747,53.79726372773497,56.196983678990215,18.220404489503288,4.898779739050932,100.72502614822594,65.68684383363748,0.5756313598532303
1c48ca77-fdb9-4fe7-8051-5660327ca78d,8834.136749014506,2.6264386103569595,55.37938388410609,56.32871738679901,21.413111729716686,5.178727629079102,103.67527034138685,66.29458579678354,0.9048100077714942
5e5b23b3-051d-44a0-b3ca-867a899e2e82,9167.99140665526,2.61102835340087,54.86467941316464,56.196101372038974,18.676409682357033,5.026305152257152,100.94861789332188,66.41735750797469,0.15737698349840348
095ecddb-c538-4ef5-906b-47cd0e119d9e,8383.572794819218,2.60917932021148,56.32121582809114,56.25608648815706,18.672599268327566,5.026305152257152,105.8769483278774,66.16614306496828,0.6935908012010921
02c39c55-543c-43ee-b8eb-bdc9adf8396c,7590.118494236256,2.6442334643239898,61.51752944423851,56.40587850660969,21.444104664378465,5.190630009066389,109.52223386256576,69.07543589513456,1.0633230425460016
af139760-ef70-463c-8a33-98b86fb771e0,7383.483348640354,2.618496346264573,61.39796033836621,57.04079753203052,19.740514957267017,5.13172096972884,109.6135931067101,69.95095575493919,0.6393989183843692
eb5db723-9537-4885-9176-036692d9d41b,9204.439666586859,2.462461497250438,53.29191272139442,55.72781056039839,17.301239364125436,4.849131803413217,98.86822229364084,64.76337377399605,0.3768839533789632
4257970d-18ec-48bc-8dc1-398c77ac481b,5975.963685082198,2.538267577242165,61.2338003113419,77.80708209599686,14.450398469856477,4.6421893011807365,103.40229062760518,98.0229025689394,1.0247146407339631
0c52f92e-c904-4c4d-aa33-f28818a016ba,5402.387070556554,2.8590448906024495,76.75945081532697,81.65963353640247,19.26849186738701,5.530244796551221,130.92077357458908,104.28116808854391,0.2938612773838167
d9a6ee7e-28bb-42e9-9d20-a100f691a511,5743.205315832339,2.817373443881548,75.07326891040776,75.13785543218489,21.001954003319423,5.313792491453034,127.08775609466971,94.22891036298475,0.900131373115892
e9c9b116-fdf4-42b0-8f80-0801006634d9,5409.135795972225,2.8875052747769807,77.66034318851595,86.80118973656442,19.094333926998942,5.5788873836578645,130.63634457737976,116.76732960314258,0.24949644946442118
aa2f39f8-b995-426a-8598-2fc405bb43f0,6187.500067873719,2.8374478976970816,75.53874598833806,91.10027712558377,19.13633450151455,5.382423337289375,126.16967586569722,119.61922443103282,0.3869587562463339
e968e0b5-cedc-4047-8d2b-1eaa1aa8018e,5835.895438270161,2.7939493152811528,71.77026533609249,78.69085189957133,18.312084238665765,5.103793631603032,122.54680300890028,102.05449208800034,1.084661272768645
defdbe29-ad35-42a9-8d60-d05b3588a5c0,6063.641242066704,2.9221992524567098,74.70885438945159,91.18542917649317,19.205089215835812,5.4009918425838235,122.54009781121096,122.59253418191095,0.31099743502638394
9c8ff667-f7e6-4d81-9195-b58b000a6ba5,5975.994729545461,2.7263387253939326,66.74542997336067,76.78176724061633,17.92969242386623,5.049360473047202,112.35285599050565,97.99847169550526,0.6350898180663715
3a99ca44-e5b7-4cd1-9c46-1af5bde3b4be,6412.228717375532,2.8914796709291575,71.68584023237362,86.6306301290796,20.48886712609388,5.365735573963921,117.97769613890458,116.56380400982995,0.25611931052949616
1a9fe392-de5c-4fcd-a461-e084c8fcf53c,3301.076709643952,3.2120415013947463,107.69823501637777,92.88043570171283,23.1741280411039,5.9060179336275,182.99955140928904,116.70557465633414,0.5250261529467632
fab51c81-34a1-45bd-93fc-1563b785950c,4512.858092855136,3.175663495935668,98.59923070152428,81.48321994938088,19.54731252757458,5.4921654996697695,163.83679757070317,98.99751075840919,0.20937796425238364
d74de943-6286-41d1-b9a4-c947524fbc42,3947.756686816955,3.3493214957986304,109.76960225091939,86.41304537064845,24.579575049243513,6.183220226316798,179.3923330952417,109.12026185865015,0.43218886743497453
ef7421b7-a9f0-46e8-ab4b-2ff58f5ff80d,3801.575077577445,3.2727737906546586,109.32975130465427,77.75768538459872,26.679798413202953,6.265160111332686,178.3771409713722,103.72483699633325,0.09730851133883475
ca711898-25f6-43bc-8e13-f0cc941a6421,3536.3374625143633,2.956770496154226,95.07647270622438,91.26456094778847,15.033981932070992,5.143180424006607,153.50063211530576,111.37553011530333,0.21476790037831667
73ae8801-ec94-43fe-be3a-74ac6857dc88,4439.2219408755,3.6412215243838695,112.26144170442494,86.37247712077128,39.65687524767649,7.207063939057922,194.5303636616405,108.6965193553805,1.1749750569921416
01d4c168-c43c-4064-951b-205ae8318275,3632.8739574198567,3.3273411892222367,109.5659399626328,91.74408448880132,23.219707740275293,5.980741504134416,185.21519139174146,114.25003187802041,0.18477284621903037
a6c03632-c3b2-4a9f-bf46-02a759b68c5c,3009.454179343392,3.368942748142418,123.26934132743318,94.21416057487981,30.785707769810543,6.6318685820902905,197.10539301084532,113.95354436653969,-0.004317571091656412
c9db22b2-8717-42f9-8003-8dbc622133f4,3693.598195227664,3.2866224907987918,111.3480331309555,90.68450021789909,27.76352009643509,6.18324935111329,192.37061040387064,110.07640565545584,0.22996488034034793
35d467b0-2ff3-4436-8fc5-24855cb78923,3163.9130556242258,3.581569440045538,125.08457031835829,94.10030791277362,31.640857973937763,6.915123615693603,196.7450323530015,113.1690073340583,0.17551837115849878
8d329a02-f014-4e64-805b-bf2cb3f0666c,2676.1579776848876,3.0932222719453084,106.26848585331965,95.29104159373426,28.983382884190394,6.132023383650895,183.39708724274143,122.28013297293226,-0.21680461604335494
7c0af9ef-6354-455b-adf7-8ca09ceb8054,3321.727105646243,3.33333478327066,105.07935736121904,107.78986154802665,23.57432561429601,6.064483963797324,171.41871821216222,152.51765934419333,0.16372394138588872
e8889e10-017e-4dcf-bca9-03bca5c34b3b,3540.9394399511934,3.4096987462337487,106.73492079819634,98.63183438630999,34.40266134149779,6.766852332902665,181.1107251363213,130.5706410149335,0.08508558524848449
631f907e-9d44-4f50-82d1-eb73cb6c785c,9710.703150579619,2.6159346459181494,35.618876284055474,64.12861472359448,30.037662953201014,5.392093065759326,73.08756225704107,82.4685983595772,0.8990221178993202
f570b1a4-8eef-43ee-8537-f2d47d5107b1,10297.676655352238,2.953969342510853,54.18117194832503,70.42921945170586,30.935084792880463,5.860864925733669,96.27419916114992,99.63377240389114,1.1262911063633632
57321322-913a-4d06-bb90-4d07a6501146,8992.81787091771,2.617095113097101,42.35923017909075,66.61459724444913,29.860963928415966,5.324010607174527,79.10562347574587,85.7184739100945,0.6671772730587557
80cc07a7-a03c-4bd9-bc13-4ac9e8f5dfd9,10032.989048271344,2.688080113669312,49.621592915837084,58.41014964224402,27.62350966134296,5.341508396286088,92.17325210267887,85.4984512885838,1.4891662103190415
c4eecf2e-6fe4-4f76-8407-fc9308bc4012,10241.592584196624,2.5355009701011424,32.60764684348383,63.647848546244504,23.402238860964893,5.129587862257495,71.6931941332283,85.52292756560499,0.6229363436602913
d39ad0eb-5271-4e1c-ab6f-8be1af7fe306,9711.942853143213,2.630423539182254,41.57927367438813,63.298294714647625,29.946042340784516,5.385479258151414,76.68819317142534,80.86329414614491,1.1033086921440565
609a788f-e091-44e1-bb86-0541fc465cf6,9178.148692730303,2.5844650004968748,44.24102099180909,67.69885785263462,24.278895482578292,5.1952016054816905,83.02947169562914,88.80253721507148,0.5481493921993004
dd21cfa8-0ba1-4d1d-a4a1-60593b5d681d,5673.387348338049,3.3080095569077086,84.39499550852793,81.40887347241043,27.570001686145158,6.186041610187592,137.5592837155287,108.26314813295217,0.1479470362654191
82f13559-4687-4e96-ba5a-fea4c6225d3d,7536.801453212311,3.491428049535903,84.30183159934454,78.44061840631251,35.56923244299599,6.75651595910633,141.2136594949223,104.71790651138737,0.7944774809981582
61e0bdf5-bd35-4803-90ef-f713cbc72ed2,7202.575671869462,3.2060608190769275,71.76674524707244,80.22137675425721,35.15066764915279,6.609767915963453,127.3509607616713,103.98610229872402,0.11264697300767017
a015b805-47cf-4e9b-956a-e3bb9c2e9d10,6304.006765297823,3.2758499814071897,83.6340350974872,79.60352391787212,26.65112074007058,5.985938873880405,140.4508527991942,103.99289475548377,0.4140498330621304
ebfec1d1-8692-4df7-b698-c852e5913e4d,6435.643327071214,3.119688702269853,75.99088104636645,88.81197302065334,24.928371810247732,5.830107280383156,125.80882970146298,115.4666364581586,0.27465536038293664
91009fba-c761-4d5b-9d48-f5d363a94ba8,7940.618204325428,3.398932719897233,79.11574207979277,88.19811536173266,34.51614950497752,6.582540495901436,132.48029372192426,110.11079927433072,0.11682792096649651
ea9b782b-4ad2-42af-9796-38e623172e13,5643.141568146188,2.8700833286748777,70.99137370858529,72.86117544737901,22.75930922602941,5.533209419758805,126.27345660690919,90.70881791082871,0.8665066690351574
61293000-f30f-4a6d-9bfd-8c950f1bfdb2,3420.567115131737,2.793350007151445,75.52008435931057,85.04352300405834,21.322136165344883,5.3570934218113235,140.17990260234404,112.17439222295125,0.773825073432654
2188f465-1338-436c-8e54-6f806410a82a,5240.932305112181,3.8090163899973164,101.30384980179511,111.28559766606378,39.20634953799935,7.120567509960228,163.12043724977997,153.6989954677716,1.4041847130582097
36285ab2-b292-4faf-ab6c-8838df270db0,4653.66950158188,3.8041347261761294,115.91887431500908,98.06697590576688,40.65148106002775,7.3204708687541515,179.6766231952169,124.22576329549493,1.2735405522555732
8b9bb5d9-8b0a-4a78-aca1-966eaf6ecf3e,3160.8200375751617,3.789693783687564,128.37385336841177,100.40930911122422,40.56222105190894,7.432533616132684,202.36166503118113,131.36364849377563,-0.1479196605611633
509e3df1-ef04-4e30-bb83-e090cce0cc55,7448.002798468572,2.13019331380081,27.510357699805272,62.27374080459162,15.020243465362345,4.173082168625936,61.28427083514851,79.47870892879338,1.2603102181903647
f3748217-b8d2-4813-8603-6a7628d65486,8997.569540880748,2.112388736650668,23.63814034489586,55.5201666363697,16.104069864898353,4.280529867637634,55.53554020602787,66.83905653014492,0.16925123368779177
930a71d5-c655-44ff-b288-e0c53999aaa9,7387.999325192026,2.0327858358207447,28.460863901305355,59.11758625879599,16.257707691472554,4.182710966884176,61.320892295052154,75.30532540010319,0.8883319756637587
8f01b757-8853-4a3e-8d0c-2e0438afaa08,9432.677391994146,2.0674018362257374,21.672562127395814,62.03334359380928,15.844095525847678,4.196437695720265,54.18109159847788,79.78347227827747,1.2474246642724005
74701d69-e542-489b-8ddd-c21abed7f4e8,5334.076271638574,1.569935088006834,17.31277901163204,55.85648834169855,8.697959945945295,3.0892507559325386,47.6087965220614,72.2961032302712,1.4083177388238024
a27e2e3a-c2c8-444f-b053-8708242a80c0,5841.135741183863,1.5695084490772948,14.463123641130338,58.69133483233719,9.04110941431818,2.9912119023355768,44.05786894062022,82.57622722258225,0.9865308741506482
efa1ee87-2156-4927-acef-fa67519b6abb,6256.9917148125705,2.1296283691262596,35.006276372132106,61.69767530162659,15.002953731390004,4.179440937920772,75.56650288460597,75.98318236184919,0.9566104854619336
42acd005-a6ea-484a-b5f2-735a1c8becc8,7139.883619953267,2.1222922436652514,30.410447914770337,64.47859278138078,14.66015976327537,4.193765321158842,68.77264716584193,85.82331532347342,1.0418708007299793
cc23ff06-66a3-4572-a9cd-0232b6f7bb29,5532.796144369813,2.0932582136634967,37.10290838946889,64.76578274323761,11.52138905357845,3.9883443384729023,76.25919390212584,89.49464501735315,0.3028932524899464
6afa65fd-2c72-4e64-810d-a9b3cc7b3ecd,5086.977638189194,1.451885298407689,20.51551600898981,50.46803029606898,6.985311018147231,2.8427122156275786,53.08202792059457,70.78739889421385,1.2916975829643302
9e011b36-9a79-48f3-a12f-fa10e0f08feb,8481.860566896794,2.216241244328151,33.07947024367546,59.17148248453011,15.847119262657424,4.430517089545477,70.05898111686116,72.49185002753485,0.6202055371627092
da0318ed-4557-481e-9b98-7b5b67070a1b,6107.825213369233,2.0563106050287874,27.067504843898135,68.13257006821578,12.093945489204758,3.8615978616818363,59.92393475894484,92.99877470370247,0.9941183616691379
52974ade-186d-4276-b795-c2747ae4ebcd,6334.410712289288,2.1090593468662906,28.85720874435008,67.73133885915894,14.325458489435835,4.175107782438728,64.12414301953227,91.80911105007095,1.3985022045121203
9419f134-2816-4222-838c-5289ccd5b8e3,6001.087289726201,2.098405330996806,39.54495519269897,70.09730219638662,13.381608005834584,4.19113319096223,79.64796570946945,90.63702069085414,0.3351253138282434
56e20167-89e0-4b59-bcb4-d4d2d1239d65,5938.684518424092,2.304861190722734,44.2693630484693,71.56147486389072,15.278240696975216,4.362236614502785,83.96314122231966,101.35553573184173,0.4838716486876057
ce5dd792-51be-4b6c-ac1e-0ee7daff46a1,5319.738548097305,1.638912970221009,25.50739979628739,60.24824770663407,7.09293007587387,2.9711527796293167,58.59323917365415,81.3938806828778,1.3689911969013704
2371d515-950d-4e1f-9460-c86889d497fa,6762.206574446904,2.3098195911381816,42.282377010942334,66.33786581528788,15.591691286850144,4.447806307979652,84.36268837502394,92.16561399879237,0.013758440152450466
a84409ef-cf06-47c2-b338-bc38ca89e0d3,5290.789567017819,2.0676722404189585,37.26526440074185,72.3914266807759,12.744832904593876,4.001033415295445,77.64354426257698,97.5174857087211,0.4051139082430192
a78e07a3-3566-4c4c-9133-ba2341405ef3,5811.1661497231935,1.8998843578073734,33.273321660362726,65.02288059849008,10.34297540339098,3.898388009469552,69.88704564011253,91.44480628233711,1.3733599673541723
28e0d86d-387e-4179-9550-a0bc2921fd80,5283.127457801275,2.3709806913233935,44.16404416061909,69.11001910809823,17.26410637768852,4.6949496238485064,88.08853087327739,94.35223149045694,0.7225490316417162
5f26628c-7dc5-4f4a-935d-871554d19b40,5622.602583273527,2.1118937079154643,37.74735768160828,76.44895171772042,12.603774033435256,4.062680053162122,77.0175631234844,102.24874503258565,0.5758167363592079
6c77835f-ece7-4861-ac2f-f27150bc103c,6677.995499782658,2.296926549108793,41.87661277346728,68.92224686864647,15.053941252616777,4.40662008858598,85.82721323883105,91.61398940136303,0.09062783212526006
615894de-64f5-4499-bfe7-d81e3316cd28,5277.379880156067,1.9887761253446823,36.55684869574728,66.38232782800947,10.741989354279037,3.892360499660079,77.58273413705737,86.59596936857027,0.8490139712960897
ba83ca91-ab02-4709-8ecb-a7771dd7bf7a,9577.888363098782,2.123767918317616,22.153005940171315,61.27686193011255,16.060531114931774,4.341768932696651,54.97382377643917,80.79818529812991,0.9528628471900027
3c687e64-5d35-4ce4-bbac-5f0222905918,10621.166685810753,2.115407782411893,21.683148886968493,60.67406546964351,15.447810784998818,4.332014916254773,53.0007283244889,80.70013084699298,1.1487259426712895
846aa867-2d7d-438b-bb7e-87c955b24098,9086.084644711047,2.3183663267677583,30.381818728471966,66.78020849724643,18.69972532877495,4.616258474385549,67.28871322065402,88.25204668135082,-0.02773139998373808
57009839-fae7-4d31-a8b8-a6ff64ddfe11,10792.936926068603,2.350171214879252,27.693496440190575,70.61364378618345,19.79584808487268,4.693792964869345,62.24911868040668,93.03056978896318,-0.07478907156365652
2cb47791-e50e-43b6-befc-8d5173a1d540,8719.133344251628,2.617885138916142,39.90851588057713,74.76404442983221,25.0999490361641,5.2550092028004975,82.83747330495565,102.59988729095996,0.12022746979378324
58466fb3-0ef8-4cf7-b450-0df721e0aa49,9746.893296290362,2.589871485790006,42.723225358259185,71.39776974520964,25.040270085427682,5.2476224887318565,84.74620946320414,94.05327678082304,0.3412993196215189
4587d9f5-15f8-49d8-b9fe-9fb78f958bf9,9281.660886944464,2.5530615136101664,41.48492631345374,72.10876449206516,26.75126409558524,5.238125402071045,78.79593498910695,95.98520740686976,0.6049442849483396
b96c0701-ef70-48bd-94e1-7e2c51692587,9751.759181541614,2.6129549998976387,43.34531309324072,70.18603126734851,25.367155168173618,5.239291601781598,85.88757048576014,93.3189761780609,0.25507199143098785
982fb60d-39af-49b2-b181-8148474af643,9826.053725430771,2.699540502576897,42.73885563005641,75.8703148988324,25.69963608271597,5.418147753040279,84.9234738382753,103.45259884021864,0.6396252630790273
931fbde9-9026-4eff-82e8-4851925ea34e,9767.376641463408,2.6500174538693755,42.74244489637553,74.21699082231407,25.459905841628757,5.432576992187661,84.95324604411422,102.23530638778269,0.08608320387091373
b756e31c-aff7-453c-8881-ec4801370863,9096.891637620089,2.5906924151191806,41.45035029895287,75.46133326932758,26.66103472812909,5.323742452960446,81.61372521800068,102.93049361483271,1.1466433985378832
b63f1335-7ef1-4475-a7b4-d66c2955da5a,9381.863266551924,2.6438922163608636,42.49950405036464,75.82486990166562,24.785447686429887,5.237885933506328,84.71895334783913,103.23396091013315,0.12969310536042827
072c6ecc-5788-4c40-b48a-1a842adbefad,9555.504331375027,2.5938776791892573,44.06430573563896,70.57339054777408,24.665239843043704,5.237994422545482,86.43268201541733,94.6785760648002,0.3256226845692804
0d41037b-602e-4fd0-9e46-821bdafd67a6,8985.614270740094,3.0154301446573126,59.56581090729805,88.17279911918082,26.373297576163967,5.923748844108652,107.53813779804878,115.58689654773617,0.30558580049750844
392deee3-c490-4bd6-9995-7361c509382b,8365.425483135436,3.0374235926501187,60.7381974517475,83.56406758400988,27.257990130988034,5.9618518322817105,109.49003069097131,113.66469206641787,0.028280961330514814
1a1910c4-b0d5-49c2-b32c-214f18a3728f,7805.617657215687,2.9773647630056437,58.188593995177676,90.25300014881086,25.85075300299301,5.798886475065288,104.17590408106231,124.17044791560217,0.4538619067716056
900b0fef-8fb7-4eb2-b187-c40491d600ff,8837.109125737441,3.110938051419265,62.14171032043308,88.21108942683452,27.658419191676774,6.0529688208262975,109.83906753545834,115.42238933775944,0.15377393338400117
f369672f-5677-4e37-bc06-5efcc4f3723f,9004.73463486544,3.1203594161656967,65.79030415403344,81.62541728957193,31.056428517185207,6.1921234127414495,117.92662480903715,109.92702714417122,0.21436711501918904
51ea6d35-2586-414a-b0bc-0c975101d9bb,8469.062963877079,3.035972146405939,60.89738016795552,94.07524587685623,26.515215034112714,5.93647397959762,106.37498908084663,125.91012262033587,0.30979596680961347
39c3ef48-0d03-4581-9e9a-8e490b404a63,7173.927683891211,3.0302108296178,67.32453367857175,85.44461722680411,26.369769782462242,5.852195395754318,112.54354783622594,108.39725946522347,0.4552423604708306
596a5ce4-a65c-4e74-a3d1-4362bf16d4e7,7705.400740580087,3.0105089044956035,60.193739105025685,90.18134749592141,25.60319650092441,5.827364347287931,109.53530299715975,124.28938938729402,0.20395139994261774
a474b988-0df0-4de8-bdf5-9d617a73f66b,9402.806962387733,3.1684798376499206,62.663861651124684,84.19871545808122,32.6570018141083,6.31382780104978,111.96777315498542,106.70334834694904,0.15361909839591342
0d741a99-1000-4a69-b8b2-354eca5d0b10,6493.434814201754,3.117374540816847,70.6745466210296,93.41805050123352,24.36507101165578,5.859390906382083,115.89856593585658,128.201148814714,0.21023535000595536
1ccdee45-c53f-424a-870b-c2a65bec6dcb,6566.355200063117,2.9060655538810707,71.55322561886359,91.96991555286391,20.65441246294485,5.482635647782501,119.00158446773428,122.08590505385757,0.3453754402162968
5975039c-e41d-46dd-a2f7-c7d10c000fa7,5684.478127224851,3.0705294242296017,82.39388177244652,86.57993091717596,25.570076621412284,5.870906833756902,134.83061486829635,116.32899994599796,0.332511742370169
56a80258-dbaa-4c20-90a1-417753a4eeca,6004.426008963808,3.2884782939791437,74.87161694737709,99.87124830161201,26.371730927994168,6.232807143903998,121.1809771510419,133.99501495624622,0.412740045631369
9e4fd99e-59fc-479d-a2c2-9e1bf17835de,6779.350021189221,3.039807073232261,69.61037780301575,94.62364914998493,26.51930357186204,5.876275442285104,117.02273231587411,129.56277859565958,0.20028491401410628
3042dea3-33ed-4c82-a90f-ef831805235c,6315.378830916654,3.2092539610938284,75.9119892082783,90.70731196158992,27.252769061046713,6.090222244437997,126.75405935894482,118.72528141809401,0.5343839397737722
8e61b37a-77a4-44ba-b63d-e1a64e07700b,6124.796934006661,3.3416221720357204,83.8498214388986,89.65728235562666,28.565424871991265,6.406737816527635,130.60199766865207,116.33254122753861,0.36400811761999474
dd76aa75-40d0-4a57-9755-d2ff8e380d88,7247.001645962211,3.170445744729601,71.32048933266456,91.13216910451222,28.444654535493395,6.166871336420198,119.5500848732249,126.64709012046752,0.33678046512547577
8266c0de-77ce-4a9e-be8a-021fde5e26de,5991.375382367052,2.978118743935684,71.59253003193609,92.1124025870937,19.228963900360363,5.493851804423838,116.81728015419212,119.42174530263595,0.14770000661438773
3297a58e-3ab8-4e3a-8ec4-454e598aae6c,4643.342044976176,3.647208499277853,111.49632826159124,116.69132781524235,30.126175863720757,6.855769695101864,170.06410413050858,160.88330112009726,0.3160039073296827
63f731f7-03bd-4859-a2fd-915e6a43411b,4300.210764739209,3.857379507903372,115.28747073958611,116.92899722092885,35.8037481530033,7.10941766245275,163.45868721574908,165.29874032242887,1.2620806998835965
f88c5300-4dbe-4ada-8642-8e45ea1970e7,3147.623772038607,3.302606552061048,98.50367460219185,116.21686252892007,28.228575915258055,6.342070000809791,160.77490204228647,160.98648293549704,1.0191214609698944
16a8a7bc-0241-4aeb-ab70-ebc097db6d39,3830.9096181421924,3.4439469686560944,111.17758498070911,106.47910477352741,27.354301190349144,6.231710380338319,179.49930677429825,134.10813712279563,0.4085988818273609
d72ed3b2-96dc-437d-aeca-55afe33ab099,3289.22806312455,3.369725419051409,104.02901291231049,111.05604629470065,25.98078082071657,6.230511637659199,173.34720017822642,150.55635667081944,0.11536773834817697
d62b3ef0-9834-4b7f-8d69-8584461432f7,4467.310206563282,3.3088696586862048,103.42724206201748,96.35143641345142,23.525307101131602,5.972199285438739,159.64524290686526,130.78756699509464,0.10053138984901314
61454d26-5fef-4051-bec8-660fc18b1577,3287.681051450343,3.3217550173884294,101.53161983412605,117.23114792244611,26.869884231150884,6.290281384073042,161.402815760537,161.77846879995323,0.2877400786479083
10c8d988-14e1-4079-96a9-6ba39c2c9540,3664.883878379357,3.744692169530247,122.57205793155106,106.97087169631163,33.17223959103848,7.070211008349441,189.7261819277202,137.54427108831638,0.0428363437050356
f80cb97d-4e02-4a73-9696-e21ac0e6dc8b,3379.5839687667835,3.31578339676128,99.01273930816723,114.65141377184003,20.964400618893464,5.825033597064926,155.44860229438555,158.52896939593447,0.2793581307041113
fade5de2-e4ce-473b-82ef-1d73fc82cbdd,9104.451937548074,2.2582477410836534,31.628220164186615,61.410131656544095,17.094455984761762,4.461967995696985,66.25757131867677,76.03607903761448,0.88735266697864
7dbd0dc9-fc0c-46f0-9bb5-3fdf1313fb91,9050.99282571577,2.5801603560341086,42.74105123563192,62.90471471287877,28.16255199654391,5.183944578535143,79.08034277462649,80.6088874183711,2.605498439456615
1d90733d-6801-44d5-9529-db295dd562e4,9590.780632499647,2.94758726720282,48.24184292878221,72.68855710026698,32.38336985647391,5.9241210299964475,91.77100127323494,98.6016573838926,2.767968326821701
7b84f284-39a5-4594-bce3-d2b812bf19fc,9462.667173029244,2.892846191472905,46.78200589228021,70.4053473841556,32.46904683234116,5.819728583297705,88.33576876114543,94.06305551555185,3.68154271545693
7a51955d-d58e-4698-8a0b-d47097a5888f,8616.703438022238,2.48785151569956,33.639606192483214,64.92423835406818,19.67574620559491,4.842872365068803,72.60413425500099,81.56688895083282,0.9553608656533837
a60a1947-dd7d-4f68-a9db-f32f1241dd02,9261.068903806798,2.6575989052826867,44.11082186177348,64.97153987870836,26.975923202800047,5.243144285434898,84.01142603856178,82.71924729514167,3.959153244502088
6078548f-a169-4a41-b05e-0af558a807de,4419.761778786576,3.147949055744912,86.61854863811604,91.01395426410824,25.17899151036783,5.8135528850069464,142.6802991576514,119.517828075556,2.3493372032577455
3a83209c-7f14-4ec2-9d52-c826c47f9fa1,5819.960104449691,3.4481085191586134,91.29727200981026,98.59969551396549,30.308880427776646,6.5170049510206525,140.26799567953256,133.05928049085807,2.9231534898991156
9b710395-2f04-45dc-b0ab-94e4e0b27522,5628.87317639642,3.28833737685851,82.87957021400061,81.40813585851456,21.652844242245923,6.1593714951827225,132.11003766156833,98.59625257638157,2.6695127868218775
aa937a97-49b5-4b95-8abd-784dee1699af,4246.68639389349,3.3818430393551,120.074720535262,86.25395005805343,23.69353343484026,6.108707616775443,177.2015559205281,109.85802249332944,3.7229183825432646
680d1f5a-f99e-4b36-b545-82a13e106f11,5076.324785794383,3.663420702234224,117.15083205338657,94.59781768574466,32.905257696935976,6.880456524902249,178.70197536086636,112.57507724441577,4.044121544860027
6b2586de-63ee-4c87-99a7-fb83e5104b28,4476.1195760338705,3.5488497006722515,108.9753002066339,99.41546371876987,30.587803219208382,6.454120606030407,169.5516934598485,123.80464093147218,4.009198742806631
807b6aa5-a7f1-4368-9cb1-c53699650f97,4336.268941966505,3.8895275189504037,115.91397407725205,104.94655200358426,39.67584698230164,7.344326485310152,170.90508314737968,138.11138527705828,4.393831238434939
c5bb9717-6414-43dc-ab15-bebdeb8b3c80,4633.756249528001,3.762829105935115,121.53223874606579,97.43968270795406,37.54396101841948,7.080719691344605,180.10259277727422,120.36759599923964,4.007650141895394
cd29903f-6706-40eb-b12e-4f2b3ba7f6ff,4457.614093018113,3.804814738464925,120.06504574258486,93.62083025136134,38.33368550201479,7.184066892927935,181.16765965283275,120.34615489085495,4.342037885214979
b7a7f1a4-aaba-4817-a760-48caedc7d56b,4440.238504321336,3.5917135913990417,110.40619177547792,109.29658085533568,30.373271570085507,6.504365193357781,166.3373727129592,137.0588359878385,3.9795034872548896
39b802b7-e477-43dd-9f93-b2552578ef58,4438.9579919417865,3.509005673126095,108.68687959596319,94.09942740465891,31.35734098994784,6.5571366861841875,175.25426592013082,120.34315602643879,4.017874707672642
64d3d8eb-e603-49b4-a5a9-e3996a69dfe1,4768.530417957398,3.83645598292189,120.50885702392966,115.88772605906821,37.320596841625814,7.331426822562853,169.88994808807414,162.4707179150105,3.48839501537448
0ca3f1a7-5d11-46cb-a691-b2730333385e,4078.273409803001,3.5142890144828747,117.33107475093142,101.32485064456455,24.875023968190785,6.059920780703717,168.18136668200847,127.55530227811441,3.709273583968728
4fff98f5-f6d1-47d7-9abc-55fb361dad8e,3565.250103240576,3.732296133747484,130.09365594527918,96.32117647283606,36.82897183107842,7.142614581678668,199.1012733696251,128.82652012605868,1.4836105696235138
a8581d22-ac0c-4c86-b6df-c8b461d63898,3717.9372055731055,3.5720530205474184,126.30984239643666,111.16554101529648,30.56658814490009,6.808911861884663,193.18827236494994,144.09090382985661,3.6734381615304246
94e3ed32-2e8e-4b8c-aeb5-0091d18f55b9,4103.701478507116,3.9290377829761667,124.8916449111266,110.11775028421344,41.693951845569686,7.498518930992447,196.47569483000166,146.30289922488268,3.293186639443879
af256994-3c1b-4370-8675-53bb506c6bb0,3618.5760890605184,3.8071933225365986,122.12191339960114,116.51005520696592,35.30436796409309,7.211229584239899,187.4543680649297,155.9384208166426,1.7199592971784599
9d0a5f17-2db5-4831-91f8-ccd900e01eff,4459.474889591229,3.8721222888076787,129.39463996655098,93.8925413347892,42.00284317947175,7.472197287796336,202.01480267692833,120.18074092740274,2.710212540732316
e8d19c5d-392e-435b-abb3-f99535fa6bc4,3490.8134862424736,3.8480041598169037,127.51580790921348,102.40931391848315,42.606006097273,7.467937156010207,200.04524741913292,135.56815985117407,2.524263129424195
1d42d407-cc60-45b8-83e7-485b7deebe53,3339.7931850216382,3.908855708065591,128.30531417828894,107.22555525321177,38.2908806914046,7.376169448819448,196.93107599540025,145.08863016640885,1.5242144618430131
48e00cda-b004-4b3f-a8a5-dd066dbdf245,4073.367142929041,3.9340804054242757,126.42331974019162,102.42115316495769,42.47196927864251,7.508542729661913,196.64922929194339,131.01847074421394,3.9416762806154324
3116f18a-c042-4e5a-93a9-ae42bec025aa,10720.647991000043,2.2013819740848652,24.78287497108986,51.45579307470003,17.026795206148485,4.409457683008509,59.74686216617182,64.66916418596472,0.865026526859862
0ed7f60e-3a8a-40b2-b6f5-d013913375c0,10236.126633712756,2.5521356963413098,33.0473502952593,53.500209733748456,25.84412351314226,5.2603136249677105,70.64563842390933,67.56676857106154,1.494142983265159
f86ce1a2-98e0-47d5-940e-33d8d1db8c2e,9590.597969497363,1.9074650605349506,20.11122152025626,47.83090787028622,15.673127235931863,3.8406360501851684,52.70857930621711,57.78147881589615,2.0097409823884296
a5027456-4585-4760-bfc1-007c1058e2e3,10689.756072145134,2.198253625489791,24.20009943332585,51.24233412761334,17.147955616765824,4.386787569493897,60.72020964467753,61.959483926577335,0.7448355042374631
da503378-8adc-4f26-9c4b-5261dff587d2,9451.528177785054,2.1907572488967975,29.893419723606797,52.46073388386865,16.658709586234924,4.546007286584264,66.90061349955346,69.90385689535461,0.9196835549527653
fffa56b9-f854-48f0-9949-318c7bffe27f,9436.331926155415,2.5019439659172713,33.954368970213906,53.13565029112328,23.866664050150348,5.052936694698205,73.38445356287971,67.7426075913146,2.3587207971247666
71aa0826-6635-4f90-88ab-8e3bd8aab795,9610.592706493544,2.612257971810066,45.33142381766607,58.91605622066059,29.073870389328064,5.3311678184275575,82.0725829856368,79.5255745529,2.924527247612478
1ac8eb89-ca97-4d3b-bc32-30b1af1400f4,8098.789439603162,2.5569261096256466,46.09251839867306,56.50637434464927,22.81058271264678,5.0003406720276775,84.75411929496158,73.91919543302193,3.1434196715966616
3ee5e30b-44ab-4b3a-a96f-d35585ec7b40,8716.662668809608,1.898522720954896,19.312988550938833,47.94249838751139,15.602910041181143,3.8513333266719494,49.75058314173082,57.78147881589615,1.5392742102214367
270e5d94-4c6c-464f-953b-76c068793478,8260.628531227396,2.0552751595218197,20.636844299533788,48.94371455821556,15.67120110484963,3.942047030508017,52.53772146416672,62.027343963107725,1.111339808814893
6b70a892-6770-4486-b162-e59c6f59ae6d,10474.326577440237,2.639232738842906,42.96887845349808,55.121623904193726,31.860850781242902,5.441264450980194,80.65216701148982,76.59464761358213,2.2467784902187975
9161ccf8-430a-49d6-abb2-293c4c3fbe80,10147.956866151131,2.8526135031291386,51.49609858308685,66.5264429819812,30.877995905069756,5.830142431888851,95.26416729314674,87.19562989678295,2.6087140915362217
90c61e41-5688-49bb-9ca2-b73fbeb3288a,8625.982703121343,2.882227465083898,58.039751197892045,60.24571553360554,30.22658373653168,5.775179750080375,104.70118983954092,81.81015575200628,3.088246960794691
3ea51f69-2eb9-4c2e-a1d9-4d816aa97b08,8860.17860531122,2.5739727993840162,53.00392856404279,58.53188386980204,18.693966129413095,5.00471672545265,99.78318601959852,76.72352017893417,1.176897656831753
99c79f28-5771-4e5b-91f4-aa87bf51e2b0,9471.792070739417,2.810294912260797,53.81712287858869,67.04249120498666,29.619242337326376,5.7882733957408306,96.24821260454078,87.63223703160057,1.8210508157331453
f9733a91-1cef-4b0f-90dc-ddacfd3f9207,9670.619573680147,2.9529951660014344,54.91188445234032,67.29295744770076,32.027057866096044,6.037323130873499,99.51249940396467,91.76831655800706,1.8670969915702251
210c0180-08cb-43d0-b5b4-1b1117611dd6,4549.047444281824,3.4780128692635954,107.97849834499435,92.09869082756919,29.48882033503883,6.519784914426202,166.04090217725945,114.55140639374906,3.6952252093058617
0ef6ca24-af21-4658-8e19-20bf8a0d714b,4547.319904941471,3.549221757589687,110.08505179479548,91.85568838500463,32.68074326144046,6.653835398574714,172.39322952737268,117.49629481611298,3.6772595762908837
7a7ccb88-710d-4fe3-baf9-a8d33c3cb064,5051.353402220334,3.1346529804708676,96.7682346954125,83.99675888622522,17.957873460979577,5.587638723447138,154.25170378993687,106.88593705457062,2.9569564926595198
b8fc38a7-15f9-45f7-b883-c1ca65414d22,3833.001488125693,3.2853294614521027,107.01098587967634,90.66116737464526,24.787777467203167,5.883824637539073,175.38697209152275,119.6757353690191,3.6015435501587016
8d2048d1-4db4-4c67-bc6d-e38a8cc2ba1d,4397.229141183009,2.5193549086326126,86.3040730100042,78.67652512425899,8.570706930111132,4.4014837272065295,139.40577982273393,99.95583151838676,2.5358461711015514
99511564-6a31-4de4-8aec-33b83ef2e4c0,4028.5091952979524,3.387026657235236,103.8604091400592,93.66008444931424,22.90884985190989,6.00385807910115,163.45592254250238,127.04738102776854,3.9456370263459437
b3208d98-2e86-4acf-b357-8b77371876b9,5066.191990541596,3.497282209998536,102.28776962166555,91.20189387064836,31.380361633985363,6.533905948398927,164.1974066291489,119.48498770766481,3.9225779330780726
c43183db-63e9-48dd-9136-f1570d5216a4,4732.310826618776,3.531277720662152,101.72847300454805,104.3278673705358,30.61067321117595,6.5080793841514,161.0568152984634,140.71662859743324,3.862177189079299
4d3182e7-7d29-4145-ba88-9ccd8807048a,4942.37108106607,3.5811876482111415,104.01311741843297,91.76758815314493,36.72618803733684,6.871542896665865,169.62818919906334,119.53459513292968,3.9225779330780726
4cf9d11f-5bf3-4d1c-8fe8-abe6f14769da,3724.6195350624293,3.3293421151261344,101.64432408415308,105.41159329549437,27.372407960964978,6.145221611889563,160.9641584325226,140.178150252447,3.8633408055048326
1a5f7f11-4001-41ec-b10f-8e2f52146861,3801.562517423187,3.504665190417906,110.61949188559335,105.78888089572023,30.801033976064513,6.734536510972044,181.62545597778913,143.25521897806394,4.530462925534589
a1a43564-7bac-478c-811a-d8ecdc43837e,4571.14363447434,3.5198783591013143,97.15259631066772,114.00964732076565,30.769161975110997,6.561350337096604,153.5531190359881,156.33796552681528,3.9336038835524456
d0ce896d-b9fd-4e7e-8ecf-665ef6dd7398,4349.7088289192925,2.427500423137773,101.29004198282546,86.42369993190026,9.712905842620346,4.103599482503807,141.77089417273493,107.85410484749917,3.560835491864854
0c00be04-9b09-4d3c-8f6d-3536c0c7bc98,4903.196282721237,3.6366780209818925,112.24815602102623,114.95618541017888,32.75544244114591,6.783379460549093,158.81425137766408,156.3460371537499,4.538993680484562
eb3e29fc-4cb2-48c0-92bc-7bc525aba2b6,9747.950207287045,2.001441761684481,17.07215773552181,54.790879183891846,15.526716560999114,3.954497131469779,46.09085108500244,67.08298482835534,0.27704572156659585
be945669-39f9-44ef-88da-a875a15f7dd6,10916.859790561133,2.204038996655744,22.15480982651939,58.64080683590776,16.282972945844886,4.391998419797833,54.33463183296113,75.04348897290726,0.22712892595903938
7748d859-330f-4220-a66e-5712e6f1833e,11028.944231677182,2.207750850937433,22.15480982651939,58.074457496500976,16.325580422990747,4.3941827805750355,54.88078749794302,71.58120413716075,0.22712892595903938
28f8fe40-2262-4f2a-8925-2a18de194548,9347.787194123108,2.7848995361085613,46.15912493407289,76.1656469112021,26.12972514850885,5.472391165314265,86.1158822472191,102.48300460460831,0.18612631079132952
7ef36a5a-1f4f-4aff-ad34-2f32ec108530,9381.035103469141,3.0205304020538164,52.73908732576973,75.28011391649149,28.277650566522812,5.902626600964924,92.15277347596843,96.01917559825868,0.2773459842020279
47081519-e5dd-4ea2-8da9-7604be165720,9590.999439668454,3.035643852225794,49.90778667808911,75.55829736841848,32.31675811941676,6.00812019405445,92.49136200779864,98.83745202780383,1.0894129622624806
a7ab91ef-722e-45c9-a70e-24beae43e747,8376.634261132356,3.190203289405972,68.4015695230827,82.61719140021201,30.098474399993545,6.329894196151114,113.05197293230259,104.84375114576501,0.26466094331758566
eac4fc68-4622-446a-b55e-4fd0e7db6473,8709.82667770248,3.1921997323833957,66.36675186419309,87.10346929493436,28.84766027192304,6.25117800562337,108.74008721252424,112.17165163009125,0.1595590372987074
d69e8735-c51a-4f80-8d66-63c8e23fef6f,7544.8158792353,3.2319410880077353,71.1307820439825,89.74146294865794,28.12206601544787,6.239637877038712,118.12515047382018,116.86012135880695,0.20726629316288
d3ad4585-b076-43ce-8ab8-7d9df7e9d735,6944.890522808862,3.3433535699019994,72.86936504646889,93.96743865986299,28.05952230618397,6.441937155693005,113.51289024375178,128.06303148385433,0.019885437580756365
18f46bea-9fc1-4519-9887-95d53b249f39,6259.984389371634,3.477438582717901,90.6870843531344,101.37520593488486,29.249266923817512,6.625715470130531,139.0752653236624,137.28268963104114,0.20533560626070785
00e6272e-7190-42d7-b728-1d4ebe0da1f6,6063.459458459851,3.483700533545825,94.15009492583552,103.32694874663831,29.230570694405355,6.622780157989509,145.49151952619124,138.42118372368336,-0.024444968514634208
808af5e0-507f-4727-8d1f-496f1b4c805b,5789.427706298296,3.4347956771317754,86.63110908272164,103.18631599323686,28.364312680789016,6.537772341062257,136.96988442298695,139.96091805096646,0.07711892978022837
348e026b-1bd3-4620-b060-1da8943477c8,3935.854247004035,3.36936279424737,106.93042529684887,94.83258382543599,19.628620774246276,6.505560802994202,168.81101978253648,128.6074005014336,0.05600914772323596
bc99463e-5e92-4b58-b64d-66b0a94e93b7,4956.910386850101,3.637306926366135,111.06167950998487,100.54312503410738,29.847998991399653,6.709324682803455,174.30807166816314,124.35365561531837,0.20061819284269627
faf3ec28-791e-4095-9bd7-0d9dca8a8832,3660.7986130877,3.795012080562181,128.15165396126733,104.83949734735074,34.71695604297948,7.1345720263353964,197.9202848245378,137.35094016744875,0.29969077969869923
167da78e-a12e-4dd8-8fe8-7e62e0915e57,4330.246995157716,3.793078461799115,125.13372012184216,115.11302324154806,34.89290845307585,7.109445562543118,189.3463854863814,151.32966920208014,0.44055853782835197
60c6fe7f-5150-4189-ae56-78ed311f81e0,3290.021785093505,3.9286571149980203,127.25100568725827,111.58036700411337,37.25603563892473,7.449986775293356,194.52032336600763,153.7336955916745,0.15727778203413534
042ad28b-091f-4fb3-8cd2-9d7133d9e535,3370.980870666972,3.4656564282790883,122.52122954106414,101.97351321284916,28.332954373277023,6.460600124814229,199.740143514767,133.03476026965296,0.2619314231276904
81c11031-1340-46d0-8b71-6b32bbb43c1f,4163.088933843599,3.790121503481081,127.35428290347494,108.6241820241143,34.96203625513464,7.101326034132687,196.1970501792078,135.24939237466475,0.42442453045944994
7df4df72-67f4-433a-abee-cecfcc264974,2536.1685017678783,3.509773371320547,127.16385584371099,103.56699746467166,34.183356454266956,7.055872892186739,196.98491152611382,135.32508035520863,-0.10149588484918959
b52b01c8-1b8a-47b2-a709-e49800573069,3533.8742716457614,3.8310547705981537,129.24140338055432,105.35111319484939,35.17519241145344,7.201597062474213,199.7828240870725,138.20261599122585,0.24574630953760354
b79cef20-723b-440c-a2c7-48ecb20d2165,7831.863584605311,2.6837850140607302,39.03323635972903,61.99531641126376,30.861778750514937,5.421391290514525,80.85364485065871,81.78053103376642,1.210024377782243
5acd70f3-f7ca-4b58-aa64-be5f2abb9a25,7478.141597487527,3.0366518669327913,45.221848315041505,67.07523674920563,35.8109431188687,6.1052967720959685,89.67844718768349,88.62366163440183,2.1607811624872153
708ac8aa-37f7-4fdc-aeea-76cfe5b0b62a,7899.994442713283,3.0957194359726,48.26272945731183,75.23097843925402,35.31927911840939,6.123372368377343,93.42047949816754,104.44272441517171,3.85039507361598
ffe4c588-b136-4411-9060-1d2de4172e25,9023.351383269883,3.1114467379354553,48.94475314024034,68.73126085879086,36.028673196621355,6.195140216303064,92.64381380274418,94.43701048893728,3.969341649942683
5d5bcda0-c3ea-4ebe-b5ba-a013554dd38c,7069.582467849798,3.0119615611766064,46.069660883118324,68.4625482991036,35.111287564974226,6.137076092733389,91.98512332573979,91.01043682383299,3.0296480348659385
ff8b6352-94f3-4e73-a3ec-410842278af1,3506.3847460277434,2.2189365279834408,53.29451920304876,53.57203113165794,17.272489586076123,4.32015958120621,103.33661169743823,62.67741909783791,1.7092682093529339
04fa2d91-e66d-45b5-bf8c-2db0296c8d7e,7293.911314765793,3.1398671762233836,72.03500998812596,71.07523244133941,34.34603569147994,6.380497265068191,127.72778576632871,90.21576424080364,2.670325536454547
595a1cdc-a5d4-45c0-b278-25f27af37c25,5870.6252770745405,2.825932841849505,59.51146703942842,72.7134417482278,24.10087828506738,5.52913284601959,107.72811095771887,95.18271711616744,3.290348571684938
0219dad7-2f40-4586-9ebc-f078807d5538,5488.649880251229,3.3639410538591408,93.86842873160535,88.51062799211155,31.15319979785111,6.350903794646212,151.56007185638776,113.35306356694325,2.5237511784518105
42d18064-1646-45d1-978f-a220ed940cc4,3288.127427686333,2.4182992084303314,64.82518066392548,86.21653798763205,14.907493599376728,4.364984123633181,116.35178091570826,117.38550874385616,3.048975379327127
bbbd0550-79c6-48fd-8613-2f923fd4a027,2952.5021478793014,2.949252075252924,85.93633494905005,80.50206811724905,23.105064549796957,5.474030506602874,148.4923575854558,103.09113262618229,1.6206849229341773
387d398d-5304-470b-95b8-e4d4ad3c3e65,5523.086893781935,3.436033308438266,92.9774054855598,92.76227889074912,29.638412666742767,6.4591204877186925,144.4308711843605,114.3536450682469,3.413490024815535
491c25da-504b-4c29-9f17-98607be848ad,3528.8496935393327,2.374119744940233,63.04290460206608,90.4335741024393,14.270723789159558,4.348118771128542,108.67283318756496,135.73720285557448,1.467884278835796
fddd9b0a-0445-4d65-8cce-6fcdaa7e5298,5231.067950886399,3.3372380098991563,85.55028178792728,88.40853175491843,29.775509800418295,6.28674489322501,140.7409318605111,113.96369132902547,3.081161076975414
d091ccc9-7f22-48ab-ae96-3cdc399163e1,5632.823019394525,3.5171769020209656,98.15317810676397,79.01013416652323,35.840006992009805,6.647062427692264,161.6280097168008,101.44493093919114,3.7714800840518397
591f4c71-dc15-4ad7-b450-409f3dbf50f5,3045.940621489683,2.7278243956692028,81.4637538357838,88.79871033365987,18.11901733340724,5.070178269894202,141.57719972017094,119.5688585060125,2.419804713245083
6bc8c5af-d8d9-46f6-801d-4765cefa91a7,2636.824806295994,2.925958847039457,92.99667377164148,83.63428705669949,21.25112459014578,5.484748852957888,160.79117486028807,110.95397876783123,2.1316483015234193
d2265ea0-2f5e-4243-828c-4431af3429af,3756.139411659126,3.159414671062742,101.28170503678177,90.1600351921995,26.42370591850329,5.776641887386555,169.03000126122055,118.20528603358886,3.7659594406322663
f8ff0e6a-2414-44b5-b415-5594239e2e81,4354.445791861061,2.94950754661378,95.58144235138643,83.06786881884418,16.68087417300534,5.225002296816586,153.51299892567897,105.45414343652092,2.3608086679183415
bbbb583d-a9ae-4bc7-ad3a-62107a32b771,4841.548623728914,3.5538703162938603,111.59857015283546,86.93918306080491,37.31136046646604,6.786253686780732,176.48527589741494,106.81286408186524,3.5951341325804944
cc0c9073-20e9-4ffb-85d4-1179d04fed1c,4999.24749852709,3.511280340901681,106.41300781228527,88.94142931291404,36.27080351308758,6.696571279263257,165.03928152385078,111.90089230198276,3.8508658308545156
3608e3e6-4f53-4e8e-a08b-c9464da81b8b,4552.093888664992,3.5389125227274594,105.89417438940765,112.91749735112818,29.282317289616827,6.4226139958364925,157.6972286552691,151.1571313835841,4.075238512959178
9b2648d2-03ec-4b07-b910-91ea102ca3e1,4589.086292327535,3.4945630249206525,110.27928823071241,75.50369384242579,31.793830934701585,6.581877949394439,178.36373268321069,89.63217104557305,3.396272539790114
227c34ef-7482-4e1b-8d29-a96940a950c9,4395.707011449166,3.4310857540638544,108.9345613502645,80.36333101408131,30.614497184433194,6.549013322282902,171.06513845791372,101.93843067246074,3.7823551626730545
bfd40641-dd39-4d60-b3c6-8ea540ffb7c2,4439.06103459822,3.493926825310528,110.33222932779464,87.04565466320315,31.318481092791465,6.534443986508878,177.54693383118124,110.9626570698023,3.7555065826179366
f89a98ff-1ede-419c-9276-f4dadb7cfba1,3882.948211775556,3.4203998929413872,116.03721757533371,94.15271260220393,32.49192515296242,6.629378950622679,192.71155102432996,114.83144229688352,4.285645830452252
e29d220d-e583-4824-91c7-73d521f11409,8314.027241428252,2.3289173166743633,40.21936146655355,69.7607423353831,15.530775756180542,4.518992263031631,79.73459381318152,95.96937316126629,1.5398267211623387
c6059c9d-5215-4341-a6ad-ad081e0da71e,7223.630328539211,2.71970037019945,51.71111105990779,88.53307787583165,19.710368948237907,5.12870573227462,88.66110881804198,123.27748727943221,3.6403821520135478
96279f8c-eb40-4710-9a52-f0d150473447,6710.133491731066,2.8546494772138242,56.94833835674693,73.61208623411474,24.97394661949011,5.386116362744525,98.22736443895616,98.22905488923645,2.6264798870370605
7d8cec22-fbdc-4bcc-81b7-7380ef4b91d4,6555.775711476518,2.7842467319704913,53.43541137198417,78.24444699105987,24.613781981329254,5.347821272018991,93.34641197088428,107.36658498851361,2.8086700651665386
ec8a1dab-ff8e-4a63-830b-8a16799149c0,6551.557346659752,2.9449589456105763,59.40790260376254,80.06454676347394,27.267760681575243,5.6137731154991615,105.08764236069949,108.60403830145984,3.8466431765559674
9561dced-c1f1-4bac-b6c2-2454d4987f9b,4798.868743465251,3.4943708388098242,104.78851485234945,91.93032435296435,30.18526386466772,6.43612167557275,162.2559502247382,115.46101243982937,3.8902345598480896
1f783b9e-43cc-40ed-a2d5-3324c0f5bec1,4604.897083525232,3.4768576796792026,98.91423590254973,105.06395631154943,30.268212585526776,6.4554291577311425,162.31435291242462,142.86950178484358,3.8677951645574837
166fc52b-0005-4970-b280-95d6e19d12ad,4000.8470946961647,3.264221908545921,98.21000642340212,98.34273841922698,21.24242485389469,5.583010921564992,161.19565509297001,132.0782621769352,3.8603548695472227
f95d6091-d194-4724-b1d9-155dcaf9048c,4878.521258452093,2.0886521094438204,81.97017534198059,98.98299350225606,9.935363158290315,3.5941170120017256,137.9602960391579,126.89913511664962,2.1111329601980757
811db87c-9be0-4f51-8953-0fd927c44651,3145.266255642069,2.9349787405161454,90.4154662782497,79.69509470725556,21.112785316682878,5.381725615136668,164.90188331571994,105.26794379096485,2.428330424526957
d5669555-031c-4757-86e1-d6c5c285c902,4450.505477236757,3.3612236965169093,101.91673501729504,91.616298400215,34.79157430718289,6.461465374998873,169.23576771839566,124.01716459469857,3.3097452182347964
3fae5f8e-a463-42af-9f8e-fb0397ca533f,5569.367613500625,3.568136132360841,99.8349281202879,92.40629063254075,35.41631368574126,6.731288557319218,161.37669935716283,113.59815133662204,3.748687664363977
2edb8b56-2630-4abd-b98c-0ada0f8d6549,4689.787067394871,3.52573644411823,106.2877612176149,97.37266627364318,29.50392145312706,6.4793566398931866,161.57617358051405,126.90140958747921,3.9016134560235427
e41859b7-40f3-4c2e-9d3c-4301a98063b5,4095.973438565618,3.05292501056444,95.82875872682855,104.79682648573754,17.081268782360098,5.42317087929607,150.0522585422148,148.8695791922549,3.366748490473893
d88fce3b-9ce1-49bb-99ce-7e5c155ce981,4860.456690321412,3.3712657186445987,91.89335461704012,82.23445552929007,36.17928757973664,6.657738478878511,155.83971844145077,105.69095313172888,2.5756762019513446
0b6818fc-92ab-4810-a8ff-9e03122846a7,5213.772338014661,3.6557230972078822,111.63432648871232,101.52714858023121,32.74818963484554,6.945702056021237,175.28847725490036,124.50507560787887,3.8985994171013405
bbc18060-daee-4624-9223-0a230f154b1d,3859.3882888618,3.379696862763611,115.52579207655984,110.99555157849271,23.46308061035916,5.945309086879392,169.67071184848243,147.62763630624522,1.9866698795730855
485535f2-191c-4dd5-bee6-fbc97986dc8d,3619.964972987373,3.5385965984682337,127.17321176893124,102.62405969831799,30.724161938065304,6.724465530349254,196.863506499064,130.96436188466006,3.634474172246627
6f17068a-d1ea-4395-a482-131531421b9a,9175.96496316892,2.9371766786806837,48.02696846799101,70.27390627437718,33.352801727897294,5.827117670779857,94.55244823357455,99.26555391396533,4.032296967637882
5569d48e-86ba-472c-b33f-57d4f7845077,7035.916646312456,2.9562058139289094,44.497308565517514,68.45007179320548,34.73543265822759,5.8802531563266776,92.48866031918669,94.2618117582747,2.691791807311951
379df2fd-4350-4301-b0ee-43b3bfdae90a,7834.063628955455,2.5457918214980944,41.20008169126123,67.51865781177972,27.686520355438113,5.116532336590722,83.50936732003223,92.62078697830557,3.73852120283442
286594d5-5ce0-41fb-acf4-3a50aab61c28,9817.088795974256,2.7937767296825604,47.41084907416297,69.44824633237666,29.681654638053313,5.647847682672209,92.31181892914654,93.57218199024666,3.2081469550525346
c002673f-c3f6-498b-bc95-9a573fca1598,7897.536585990346,2.939236799304653,58.009430585252616,75.64565998611971,28.865899470347166,5.779447216307355,103.44858780976476,100.48482547424778,3.8605976259685235
029403bf-f42c-473d-97c9-4a47b9b3dded,6654.379121881407,2.8108346671151425,56.39755323231585,79.52253377707865,24.603578696779007,5.382399253893152,100.84790908018157,107.36041977632985,3.914801358557739
5df4f306-471c-4def-971e-2b2157d673c2,5479.889069536814,3.115777858836055,78.34615472134942,89.57795946782653,21.282029382929437,5.7408940203604635,128.42812230713952,114.67558155803363,2.8617360367468736
c2955498-d3b9-4610-af2c-8c0c379feacd,5265.843308358485,3.1430589358386327,84.30994815596937,80.57386647880556,20.105849167590247,5.504530645017454,135.857144727294,102.38501763020449,2.8975368885334105
f8ed8e37-3d8a-4c66-a2e3-a954ab2d4bd1,6345.616124808235,2.4543137462850786,56.427176665250315,62.87879692959993,18.338587537693847,4.851504860859911,102.85111692435301,69.17362305878046,1.3906106632694664
79752d06-7b55-4fbd-b830-d54d5634a1cf,5337.458351599519,3.0357054743062877,80.32737965060437,86.48617961723737,20.081804868754798,5.55289282810705,130.9417523332528,110.8585088566574,2.2197935454709112
63553204-5acc-4f6d-af67-eeac78d484d7,4328.543057172466,3.392304369291945,106.3670042945921,79.80771886354347,29.83386021228964,6.44358525162482,168.6738398575631,94.56678692012478,3.5864024067752194
3ee259f1-69f8-4df5-aa09-5e3bdb8dd3ab,3890.9742136455316,3.3751069028369187,103.09390643115701,101.44515563127611,28.557083054284217,6.341792051680452,165.72942799989838,131.5290658363573,3.8721890106391013
a4b03367-53ee-41bc-8138-a2dddb1833a3,4357.041078132114,3.4548222673041455,107.6304354474411,86.85381507663364,29.519604237902797,6.374552961451914,175.67975051951888,109.7822034467599,3.9589774699491604
3996cf45-0a44-4342-bcef-adea687338e1,3587.932772770044,2.4096215181680205,85.15813729530417,108.91472088823652,10.56270174669851,4.125995324615024,133.83044512106244,143.99931429133235,2.968981838650599
9bf5e963-e351-42a9-8e26-0afc9f4624fa,5114.947055753584,3.281764375773435,94.7255313500879,86.03158523029059,23.4278513571051,5.990188331955238,151.8324632105563,111.43102553987406,2.62381047325837
6303dfc2-e2ce-4db9-b819-97a3f90e5cfe,4714.045784156311,3.0817594755269515,96.57615119718639,89.43604133847022,17.544680784358295,5.444559152414643,156.41401330222988,114.42124622096334,3.049015899449547
34d6a583-17a7-4305-bd4b-f4b0c673e0ff,5160.761193903752,3.433921033341617,98.57248725064832,88.3432404631668,31.13915777045782,6.500278592416153,157.77245568233198,110.44953698558193,3.1482038053560433
8f2a8145-2653-491a-a857-f19ca2b93e9f,3761.883397578309,3.279392187555791,98.25479262461832,105.03308042031449,23.505286477491087,5.870907735622668,159.67604482584272,139.66118032717873,3.882976963946464
1d8787ee-0e03-4762-a38a-681a0c2e3a05,5211.469830482261,3.2990289523971366,90.68903320996837,87.1379272632293,26.606749609104195,6.274079025865009,146.6239594033864,111.53244170974604,3.1168222661392284
7f9df905-2312-4ca4-b742-dcd465967699,5152.014262812654,3.282343124423464,93.69785526798339,81.02493917678981,30.91608551912255,6.274006067973303,153.41912063023315,100.57620197413596,3.0146659321720404
2dc7e7a4-5548-438f-9c50-b5ea5e5bbb41,4703.758406447307,3.38454038999135,101.73050963499698,79.76420512326314,29.00253007512022,6.441868111843919,162.2297197651487,96.37679649377397,2.5342764295640916
f24295ac-296d-455c-8300-3e3d5947a900,4823.898803713606,3.32558562118646,93.8709106126949,93.10690269996662,29.89449810904812,6.320510982455043,154.3012294296075,118.9216646690386,3.107443182057002
a90bc9cd-f306-4a7a-bb50-7b9617fb41ff,5124.893719590372,3.2440580813810094,85.16156631819797,87.24918396469882,27.188816967940387,5.978720611623682,144.44751056623417,110.01028463086875,3.5067228953571474
a1a1829c-eccb-426e-bf45-7fe8f2e65950,4826.580880329775,3.2151913223697677,83.82132820212375,95.99015661504984,22.24964589326885,5.9098577435874216,141.01603290874976,128.21468594206584,2.393096923318124
a69b387b-ac13-4c6a-9789-5aeff9854fec,4063.9546932277954,3.1617813755746464,87.25541156564236,92.83169962267255,25.62103102654239,5.906202722148003,147.25404211320526,120.22911222919404,3.0288127159499028
dd130ea0-e49f-4f7a-960b-48d5e4e8f1bf,4429.168363975928,2.886590453188536,83.99989891863693,93.96555283230055,16.879457979332848,5.426175428512683,139.80019029727717,122.43644898183013,2.670368394916417
c4865936-3bbe-4c46-bbb1-db779a49134c,7116.978802512663,2.463633552433966,38.42913937881785,57.933305465344525,21.001691976281048,4.81733794343988,81.96509127100603,70.20659876239559,3.226660261343049
ace47790-7e1f-48a1-9fd9-b22a84ea9439,4881.2805309796695,1.451885298407689,19.813642687908906,53.28962555092828,7.308197453775511,2.8285970884376392,51.992722632015926,68.50758812302503,2.3415588596969115
8a7a551d-1c4f-4644-8ee4-91e7a36aaec9,6848.760863093661,2.3451355340503834,41.369892812750926,63.31300473007757,18.13856699431682,4.600509556925066,82.90693711039658,81.5017947831665,3.2453217061024873
1362ef9e-4c69-4709-bd50-68f4750d8ef8,5088.40472634237,2.0754448156927094,36.32760917765124,65.20439174049044,15.447247181129983,4.0245988857015735,79.54690053666017,87.6673563189616,3.4450363537782045
4b0c1c33-2414-4135-bd7c-7ae14052ed55,4782.831989347505,1.566571084668182,27.995193858055075,55.25824779217948,7.664851024348831,3.018665707513035,65.1169755072029,74.26852893329036,2.5462422869971038
1da469d6-983a-469b-9a9f-93027ff1ca95,4415.553143123759,2.405438153056686,52.34850287496175,83.29690283684975,14.72695576237737,4.357291695986782,99.87665512248194,111.12818814449139,3.45938835625719
6495043a-2e64-4ca4-97b5-128e81f1d2d5,2839.832585601304,1.7820775264275015,44.0115377058837,73.47497527310914,8.980643749013144,3.4019423617682074,97.46718699757817,93.065724360771,2.739538026126421
f2edc6ff-e04a-41a2-a0da-8ca06aaad020,5164.7935284521545,2.55711963379609,64.02172153375278,74.59483668244641,17.796309307638552,4.778535104459543,112.23475602993382,86.04021989366157,2.2094876014405216
b3554123-233a-47b1-930f-49fa88126ec8,5247.845480739798,2.801081513961525,70.72026752070855,66.06828082059637,21.73937313117835,5.309058763135142,124.86189693743854,79.88595029238842,1.086271440465166
851e2374-69ef-48c0-8918-c56dd9de72aa,4441.304334397963,3.8621581139446577,123.81694504716138,118.99093490789456,40.98661228384134,7.407191888596521,193.00309179115908,158.86223704760351,-0.036864984727569966
60e6b712-3a10-48dc-a1cb-ac2db3e3ae58,6156.422511882288,3.8775246550732154,124.80027420392663,115.84959737004382,40.77132065201989,7.384706661280417,192.6329484087942,153.8418233286966,-0.07539135300823774
7daaab19-bd10-430d-b424-4c2008668d1e,4866.515612411448,3.8116880867469134,124.80027420392663,115.75742290876505,40.9308329030581,7.343056660080245,192.91697093560313,154.82198090224463,-0.027057078257469454
347aa17b-d5e4-4074-8b0d-7036091fc7a9,2452.237834364117,3.5127860898556578,123.70973418727766,116.195803402981,41.08472796585361,7.33989400212732,190.91335057711964,162.70725058683368,-0.18627468126001553
5fc579c7-6d2d-425e-b38d-e495b218ac53,2574.0692757925644,3.780223986257645,128.33079511217832,104.5904291734277,41.149373895584795,7.375430217784762,202.62131564528985,139.71135074842968,-0.24547759669622463
de23190f-d0ff-443b-b9fc-68efc445b715,6076.504795260923,3.8137972114765164,124.86759015533647,115.78829715768693,40.867021121284544,7.370452626685017,193.17754021773789,154.68925333169435,-0.07526927183590978
6ca86998-660c-409b-87a1-acae8bad44ae,4605.533291450477,3.8911810042572,124.46178840907962,119.87773913742909,40.60493460660667,7.455834958365447,193.31720593783965,160.2280562326762,0.2326444867676272
69e4503a-38f3-4e3e-b9ca-eb620e387fff,6129.537175711537,3.831072781614069,124.80027420392663,115.8804716189657,40.9848040387487,7.355260030737233,191.52569088880173,153.20918831249583,-0.1075552871057321
d54abc12-1e8f-49be-a86c-6c5d555cae3a,4914.454282494926,3.9317043427070395,124.6832251204649,116.49383915791445,40.830303081775874,7.4258118303464835,191.55813504079825,154.16234851914484,0.2326444867676272
a6e1adcf-d688-41eb-a713-e440e01e173e,2729.204508997505,3.601142025326082,124.04854341961467,118.2401231304017,40.709922281828,7.392405274753389,193.75021261854224,160.59520444593113,0.17744825728508457
76e725c6-2f8e-4877-8df8-b34f03ae16d1,6195.027158469262,3.831072781614069,124.6832251204649,115.8804716189657,40.9848040387487,7.355260030737233,191.15947170602496,152.80114064562812,-0.1075552871057321
405a6fb9-2db6-4127-849f-7dea62d17501,4670.29245810844,3.9214289286106885,124.68129945185393,115.92819359889512,38.127223225836076,7.280549267470392,191.65174095913216,155.96434557510258,0.3337569935458198
1be2445e-9a13-4964-a602-e068ce13a64f,2473.0507510403845,3.6856235022783213,123.72561076021094,119.21298211843157,35.38121524295401,7.191251117817041,193.30493040787164,159.97677576177972,-0.013978670414215634
bfd1e299-a9ef-472b-b544-822722697fb7,3274.3878555756455,3.789480381236964,127.96391537500388,105.08112696402037,41.063595721447356,7.436367195767315,202.08789803725222,138.76254171555752,-0.30743623493576633
0afdaae2-9662-46ef-baed-9e77aaf0eb88,2452.237834364117,3.457427458448743,122.48818781025511,116.02237611917799,40.52079425275409,7.345349880977136,190.97438693707596,162.3023174994363,-0.2190509523804605
d5b5058b-acb6-4bd4-bbd7-afeb1edbdfc2,3378.7935558121976,3.7905793889774135,125.62621266801388,108.98067429967556,40.77275182589603,7.433069806888445,198.73994817705784,141.7562676444431,-0.23480247838343085
c35d0bab-985d-4a75-9f79-8b44fd27130d,3759.4909106505647,3.7702502103400923,125.24925847417884,107.96548848121036,40.9310281421646,7.433069806888445,196.42229538136718,140.8861116153659,-0.2189575362056237
7ffa783e-965c-4643-8c84-d2cf859172fa,2581.585027624168,3.5771832442920397,120.49587190410544,119.21298211843157,34.81449171612678,6.96091572768444,185.19636214958737,161.42818638549443,0.29261569600141807
a1b943e3-02f1-4714-84b1-2f3fcb2468d8,3091.2086625381553,3.890657371508649,129.2139684248495,97.21779468820387,40.88400313217582,7.4730287740368295,202.12790272951705,124.18427615047308,-0.05207042419813643
d3147b70-2db3-471b-b241-37756cdf2501,3338.1572000730066,3.197135068322904,112.74234536958319,113.55162116721255,21.082436162527866,5.860284523338295,172.7482211896687,151.78092127858704,0.4207872968389918
3e2d983d-b229-4378-8d0a-1049484eb1f9,3494.762885876637,3.502485318391519,116.45835043438943,117.3706151523478,28.117098115421044,6.438534372991205,185.022842796916,153.81133183316456,0.5090837392842738
227c13e9-9608-47b0-9b8c-fabe34383242,3392.1440333638798,3.5493055576045687,125.99822962882098,107.90731065103027,28.785764986974712,6.674670314750431,194.78601468574948,139.96739053273927,0.2671181450528875
62dcf590-db3a-4014-85bc-04d72264d36b,3083.402311702929,3.06565708539832,111.2585346018652,100.46541106589,16.55365628715205,5.573520164458938,170.16921535454264,129.03974350875276,0.36991785176382114
c252aa31-3768-402d-886c-2e6bb67e485e,3273.908037487339,3.1833950583002424,112.85895815781214,114.02708557965043,19.993098027946644,5.516808375111114,174.1967273087367,151.1578830632467,0.42670334381789415
6df1d589-c1d7-4b59-ade9-4e1c9e967629,2625.9692342458357,3.1921486894222824,107.90972812507898,114.27930660897954,24.653290975210783,5.792058459646161,179.5370782233441,155.7995866326911,0.28755279461718136
311c28e5-5ac4-4d95-8d53-050421b7292f,3697.721152593246,3.056245338885714,108.06173552741856,113.7253500566468,17.163020673064704,5.335660210041715,160.9508321539709,147.30129785574263,0.6221877574123927
416ba33e-dca5-4e44-b05d-f9e25eee659e,3816.00365416959,3.465262640125946,112.08176909145963,114.60344722617454,28.578748050009295,6.292682128034915,177.01687717188184,152.0290621376258,0.501212332168584
dc110172-4456-4667-8529-f7edf6564400,3313.6897788511983,3.0413837517806264,108.51121904275074,115.73426270572779,17.318669211572598,5.630207459158082,152.29108590376697,148.92006762305374,0.5622511483404711
e3ff7edd-17fe-4333-b60d-f5c4bffecbf5,3348.620407894488,2.4469941951924667,101.3726095495244,105.25318749442623,10.043940643914405,4.156135337364506,141.83830274385113,128.91323220270027,0.4845057313913373
cb1f53ae-386c-4938-bca6-99916f328488,3576.700418558097,3.48083947015343,107.24201863138126,116.61070305128077,27.294187474533974,6.356463594791886,168.73420001023166,156.5418397022358,0.30366385803175794
4e538e1c-33ea-4a43-b6dc-0d7e760afaf2,3357.659262285842,3.276534971274747,113.07598454398125,95.69223377890238,20.987203762699394,5.755962493667316,184.5632683364379,128.642091658122,0.4384624316682069
5a3cdfe3-c013-4d98-828d-245dd1f5b0ce,2627.5220445858054,3.5981658495672675,120.26165682066141,116.78866609644354,40.95260552101285,7.33989400212732,191.6893721644892,160.58712291286122,-0.24828435040233446
864cd7e1-5e91-412f-add3-ae35653f8f7d,4278.619176352869,3.836387010289125,125.7323761202725,116.02927947825906,41.344103203851304,7.399927278978091,193.98628394941036,156.0940159062859,-0.036864984727569966
c4372eb5-50ec-4372-a394-098eaab69812,3802.609252989497,3.804718900425123,127.83457261123063,98.73085033916576,41.17847978292668,7.438694301054196,199.65408673395433,130.26390138185113,-0.18187709393556328
c25df907-32cc-4938-8e4c-8d228ef822cc,3634.164561361969,3.806621980820125,126.76747275509169,108.6629917795469,40.51365425206258,7.424827033039414,197.80513351851442,144.2845946254662,-0.11857086889253401
990fc215-2fd5-4e68-8037-afdc660311b6,6236.133834674833,3.861911802394766,122.89902831967578,118.76011322460567,40.7306394286762,7.3641123163483355,189.61409240137002,159.4363249341002,-0.10577257176244553
a9c2731d-7a6e-43b4-ace2-86f3cb5eefaa,5853.786980242834,3.796037773284649,128.09459591991325,103.78646860839012,41.163301289078966,7.355295573375938,199.9085256959485,133.82763178884062,-0.19409486497641207
64abf681-cafc-4f68-af57-125b415bc450,6129.537175711537,3.831072781614069,124.80027420392663,118.00389957326738,40.56746972929441,7.355260030737233,191.15947170602496,157.89481654132126,-0.1312186711115623
a3839e74-4891-41e7-bdb4-2a718a72535a,3309.7569017903784,3.437330283646557,116.38319033031094,97.89047043342535,26.7318690057686,6.395774599476739,190.45372180234787,126.26298279008752,0.40925272364833754
894f976c-480d-4764-ba55-770951d5d556,3266.161083502979,3.3631243869862733,111.61471837753355,117.22572127158902,24.780543723137015,5.883414854596297,179.3849004411355,153.22807352772978,0.5125371846552965
6af62c35-cc57-4fb5-8ea4-672768514a66,3184.054653404423,3.4047733837805865,116.05693408166852,115.5815147948711,27.722072787900792,6.317867638937643,186.89107484785637,153.5760188347778,0.42240821441794824
80f52efa-6fc5-42c7-95e9-89c460443161,3316.135707082549,3.812104116642312,126.39051856125666,107.82369604745504,40.825929670642054,7.43317151236365,196.8026170611065,142.78957886293108,-0.24075090215950204
ff20120a-5d99-4d52-abcd-a89d19e0c87f,3224.7350542684226,3.8949255440657606,128.85125514007427,104.52741280953597,40.88400313217582,7.5151963253736325,202.12951895202002,137.85853720454733,-0.11633419276875172
c4eb3957-ba9d-4a03-9f71-eebc1cca3ceb,3956.5849331465174,3.932400784125611,126.15047164983335,113.45005888485333,40.66613949226076,7.475361537344696,193.31802559353525,155.41602766500372,0.5352993685552809
0628a224-40aa-40c7-be33-5474d65709eb,3419.502153904506,3.336382235553576,119.01280860658336,96.08226550172824,20.26867593544551,5.553355886298469,171.07828154869466,127.34224719394626,1.614722281161993
c36ee690-e1c4-4785-952e-2929c17f6ca5,3923.987677804687,3.4922187952113566,118.64893559800699,98.70687888977727,23.168225579346046,6.19223976128441,175.82496534015218,129.28579893118723,0.71056256599903
a71992b8-9943-4961-9e37-7ec4a61dfe88,3244.9824129098533,1.8698668935260223,103.21125614637864,93.12829998177355,8.893182372261526,3.2845771608526064,139.65986730412882,98.75410041050979,1.0290636772726511
07f45191-4573-48aa-b44b-e542938ed53f,4236.871940062084,2.570019106580635,106.60287014996342,112.92943526928572,10.825780758785404,4.443393639028925,141.04993057681864,145.20121450748303,0.5796720917814432
8e900e33-682c-4bb5-9ca5-829ea083352a,3834.196324800805,3.4665955671857156,108.89798167626482,110.82422804921559,30.000679509606208,6.463842852764382,170.96595559167122,153.8379158055112,3.9659727786604284
05bd697b-7c8f-4b1b-9e3c-8587ee0080ed,3788.6731717501048,3.457943692751388,106.46381517390425,114.54110172057528,28.998077314122412,6.317774471076887,162.0206295700022,158.8662844644927,3.8008997925817147
09e9b37e-b5f3-4814-aaaa-641dd5998ae1,3886.5184629464175,3.395635194726841,105.46679262154315,114.14090980514423,22.355373343038877,5.6589208708477425,154.90106013238469,156.12110397451252,3.918503660960722
d4939765-8d27-46b1-bf1f-753405e43fed,4024.748242602673,3.13144485326926,104.2917144906547,107.76043038490091,18.911906522616675,5.397525918200148,150.56775647674675,151.66916735784287,4.020041735298492
2fa09330-461a-4a40-9af2-d8ecba7b129f,3930.454372337125,3.4886351779693414,114.84205833426462,114.74600026105567,27.99866104971945,6.233980614658554,176.8698824066894,150.5175341098209,0.5447035863932165
e678370c-3939-4c29-bc29-65d5d4adc30a,4249.888583695705,3.651263973954912,117.18189369207603,114.4158515653204,30.80222915151378,6.856538857225686,185.26140553586308,150.13206377045518,0.5488241090937509
5040c351-6a33-4f7a-9178-161e96da08b5,4067.1854179453467,3.448696856652926,120.03629848167365,101.74187257977347,27.13083089304328,6.362293180159815,191.15754689373753,127.112085734946,0.5313972328396155
0d3a645c-ead6-4ce1-b85e-4b88753d342f,3379.9373148012965,3.359630776542677,116.79881292272083,95.93366746317403,24.141789407450833,6.120041400897237,186.6826629991934,119.7331011751978,0.4951402808609086
10c1bde0-fbd9-4a85-a68a-5b55bc627290,3100.2483173739665,3.664496202792748,127.67070771189657,101.91899563523039,33.83621048944965,6.999585645957859,198.2114533327932,131.35656672185632,0.35547851351556403
18abc46a-4cf7-497a-b6aa-853f74a90402,3924.501897179585,3.4563031582506225,109.3106034025419,109.94055840217602,29.844144599620822,6.322064070932683,175.50125821118897,146.47988612127105,3.982404751086168
dceb238b-6ade-426b-bd29-8910eda606e4,3425.4020735711224,3.3997102462132447,114.56186237787082,114.19252172879668,23.385700222814666,5.9446949724440215,170.48288282099935,149.78467028614267,1.9866698795730855
bd49cfd9-436b-4286-a64e-df1d557b5477,3727.222288853824,3.5259210858115484,118.13007099036889,113.19394104552056,29.349039322751604,6.615800351061737,188.5567763466521,150.03038851107434,1.9253428584941041
8fa22e69-a346-493c-ba94-050d9af80dc7,3980.62928456392,3.484186936962504,115.72718119480389,112.3690936454356,29.47043392539985,6.301168737762635,172.3050720967178,150.320344165579,2.032715754834023
8132f0f5-37a8-4121-ba19-620a1fe5f5e7,3689.02757529658,3.7040521940592246,123.51593829207273,111.59993808225148,36.12547495652633,7.036013388736869,188.08110362839938,150.14099968757927,3.7576089798542247
834d3684-17bb-4ee4-8da1-cfd4b1164b23,3567.905633401468,3.3313330830121237,112.49998363703878,110.61293307483741,24.215022767732997,5.9425801429559275,170.00542783898965,148.4227053084821,3.666319228923445
645e6b14-7346-4b24-864d-839c843cc8f3,4087.5842596773446,3.320040438785948,114.31350285491845,115.08843010358932,22.357513398410955,5.647778981843423,164.63561606183708,151.71156249824668,0.6289331304395351
63a9936a-ef40-4cfe-b5d3-ea1c1c697537,3843.295001582826,3.453883674116395,114.90937428567446,111.98316671144596,29.251115480812658,6.2187348124056605,179.04670088392498,151.95264705468338,1.985103977908857
4095f85a-bf18-4685-9e81-fe4fdec68981,3728.87358802847,3.441057866975371,115.5850799947608,113.96757973430006,24.569737102691608,5.931051034685228,173.14867501668536,152.47635086980816,0.7622205717284973
a933165a-174e-4bbd-9ff1-1cf44885ba79,3884.320043615314,2.753373576907708,109.81919198772445,113.11942183739663,16.13731904487118,4.821080133548164,148.88308137831416,148.33981989813762,0.6403479682848425
bdc3e3a0-7c93-43ab-b135-7353cf6fde20,3348.9300775470733,3.3441431942611044,112.21362928374091,114.12669197245802,24.756871924537325,6.213170617350794,170.75256638480042,151.70209964859578,1.9105992631322621
